"Internal SKU","Primary EAN",Name,"Reference Numbers",Group,WMS,Warehouse,"Lot name",Quantity,Booked,Available,Required,"Expiration Date"
L312006,8006933076558,"BIO ORTO ECO FRIENDLY LATTUGA DA TAGLIO FOGLIA RICCIA",L312006,,VITHALGARDENAVAILABLE,VITHALGARDENAVAILABLE,GL1,18,0,18,0,2025-12-20
15322,8002840153221,"DIAVOLINA ACCENDIGRILL LIQUIDO 750ml.",15322,,VITHALGARDENAVAILABLE,VITHALGARDENAVAILABLE,20250213,113,0,113,0,2028-02-01
B33319,8006933069345,"24 PASTIGLIE DI COCCO CON RETE ? 3,5 CM",B33319,,VITHALGARDENSCRAPING,VITHALGARDENSCRAPING,lotto1,2,0,2,0,2035-01-31
07707,8006933073267,"BEE HAPPY ASCLEPIAS GIALLA",07707,,VITHALGARDENAVAILABLE,VITHALGARDENAVAILABLE,lot1,18,0,18,0,2029-03-15
07705,8006933073243,"BEE HAPPY ASCLEPIAS ROSSA",07705,,VITHALGARDENAVAILABLE,VITHALGARDENAVAILABLE,lot1,19,0,19,0,2030-02-13
E0232,8006933027796,"AUBREZIA CASCATA AZZURRA",E0232,,VITHALGARDENAVAILABLE,VITHALGARDENAVAILABLE,lot1,14,0,14,0,2039-02-13
07710,8006933073298,"BEE HAPPY IPOMEA PURPUREA VENICE BLUE",07710,,VITHALGARDENAVAILABLE,VITHALGARDENAVAILABLE,lot1,19,0,19,0,2029-07-19
07708,8006933073274,"BEE HAPPY ELENIO AUTUNNALE",07708,,VITHALGARDENAVAILABLE,VITHALGARDENAVAILABLE,lot1,20,0,20,0,2032-03-14
L312001,8006933076503,"BIO ORTO ECO FRIENDLY RUCOLA COLTIVATA",L312001,,VITHALGARDENAVAILABLE,VITHALGARDENAVAILABLE,L312001,17,0,17,0,2025-12-31
L311003,8006933076381,"BIO AROMI ECO FRIENDLY ERBA CIPOLLINA",L311003,,VITHALGARDENAVAILABLE,VITHALGARDENAVAILABLE,GL1,16,0,16,0,2025-12-31
GT017,3353090078709,"CANADA tg 09",GT017,,VITHALGARDENAVAILABLE,VITHALGARDENAVAILABLE,lotto1,17,0,17,0,2035-01-31
GT016,3353090078693,"CANADA tg 08",GT016,,VITHALGARDENAVAILABLE,VITHALGARDENAVAILABLE,lotto1,15,0,15,0,2035-01-31
GT009,3353090099926,"BASIC tg 09",GT009,,VITHALGARDENAVAILABLE,VITHALGARDENAVAILABLE,lotto1,10,0,10,0,2035-01-31
15504,8002840155041,"DIAVOLINA BRIQUETTE - 2,5kg.",15504,,VITHALGARDENAVAILABLE,VITHALGARDENAVAILABLE,lot1,81,0,81,0,2039-02-13
B33301,8006933069352,"50 PASTIGLIE DI COCCO CON RETE ? 3,5 CM",B33301,,VITHALGARDENAVAILABLE,VITHALGARDENAVAILABLE,lotto1,11,0,11,0,2035-01-31
B80256,8006933071171,"12 VASETTI BIODEGRADABILI IN COCCO 8 CM",B80256,,VITHALGARDENAVAILABLE,VITHALGARDENAVAILABLE,F1,20,0,20,0,2035-01-31
B33306,8006933069413,"16 VASETTI BIODEGRADABILI IN COCCO ? 8 CM",B33306,,VITHALGARDENAVAILABLE,VITHALGARDENAVAILABLE,,0,0,0,0,
01089,8034052801089,"10 LAMPADINE BIANCO CALDO DA ESTERNO PROLUNGABILE 10M IN SCATOLA REGALO",01089,,VITHALGARDENAVAILABLE,VITHALGARDENAVAILABLE,20421219,8,0,8,0,2035-01-31
Y707001,8006933056994,"CATNIP ml 250",Y707001,,VITHALGARDENAVAILABLE,VITHALGARDENAVAILABLE,FAS18,11,0,11,0,2035-01-31
L311010,8006933076459,"BIO AROMI ECO FRIENDLY BORRAGINE",L311010,,VITHALGARDENAVAILABLE,VITHALGARDENAVAILABLE,L311010,13,0,13,0,2025-12-31
Y704001,8006933058103,"Detergente 3 in 1",Y704001,,VITHALGARDENAVAILABLE,VITHALGARDENAVAILABLE,C221930,10,0,10,0,2032-04-30
97587,8034052897587,"10 LAMPADINE BIANCO NATURALE DA ESTERNO PROLUNGABILE 10M IN SC.REGALO",97587,,VITHALGARDENAVAILABLE,VITHALGARDENAVAILABLE,lotto1,6,0,6,0,2035-01-31
Y702003,5060494310028,"DETERGENTE L 1",Y702003,,VITHALGARDENAVAILABLE,VITHALGARDENAVAILABLE,A212325,21,0,21,0,2035-01-31
L312003,8006933076527,"BIO ORTO ECO FRIENDLY MIX DI LATTUGE DA TAGLIO",L312003,,VITHALGARDENAVAILABLE,VITHALGARDENAVAILABLE,GL1,19,0,19,0,2025-12-31
E0166,8006933027123,"ALISSO GIALLO NANO CESTO DORO",E0166,,VITHALGARDENAVAILABLE,VITHALGARDENAVAILABLE,lot1,9,0,9,0,2029-02-16
E0187,8006933027338,"ALISSO NANO BIANCO TAPPETO DI NEVE",E0187,,VITHALGARDENAVAILABLE,VITHALGARDENAVAILABLE,02,19,0,19,0,2030-03-01
E0165,8006933027116,"ASTRO BOUQUET IN MISCUGLIO",E0165,,VITHALGARDENAVAILABLE,VITHALGARDENAVAILABLE,lot1,18,0,18,0,2035-02-15
E0181,8006933027277,"ASTRO DELLA CINA IN MISCUGLIO",E0181,,VITHALGARDENAVAILABLE,VITHALGARDENAVAILABLE,lot1,19,0,19,0,2028-03-12
E0160,8006933027062,"ASTRO PRINCIPESSA",E0160,,VITHALGARDENAVAILABLE,VITHALGARDENAVAILABLE,lot1,20,0,20,0,2029-05-13
E0005,8006933025051,"BASILICO ITALIANO CLASSICO",E0005,,VITHALGARDENAVAILABLE,VITHALGARDENAVAILABLE,lot1,14,0,14,0,2027-12-31
07703,8006933073229,"BEE HAPPY ASCLEPIAS ROSA",07703,,VITHALGARDENAVAILABLE,VITHALGARDENAVAILABLE,lot1,17,0,17,0,2029-05-14
07704,8006933073236,"BEE HAPPY CARDO PALLOTTOLA",07704,,VITHALGARDENAVAILABLE,VITHALGARDENAVAILABLE,lot1,20,0,20,0,2031-03-15
07706,8006933073250,"BEE HAPPY FACELIA",07706,,VITHALGARDENAVAILABLE,VITHALGARDENAVAILABLE,02,19,0,19,0,2030-01-31
07712,8006933073311,"BEE HAPPY FIORDALISO ALTO DIOPPIO MAUVE BALL",07712,,VITHALGARDENAVAILABLE,VITHALGARDENAVAILABLE,lot1,19,0,19,0,2037-02-17
07711,8006933073304,"BEE HAPPY FIORDALISO NANO DOPPIO POLKA",07711,,VITHALGARDENAVAILABLE,VITHALGARDENAVAILABLE,lot1,18,0,18,0,2030-05-14
07709,8006933073281,"BEE HAPPY IPOMEA PURPUREA LIGHT BLUE",07709,,VITHALGARDENAVAILABLE,VITHALGARDENAVAILABLE,lot1,20,0,20,0,2028-06-11
07702,8006933073212,"BEE HAPPY POLEMONIUM AZZURRO",07702,,VITHALGARDENAVAILABLE,VITHALGARDENAVAILABLE,lot1,20,0,20,0,2030-02-15
07701,8006933073205,"BEE HAPPY SALCERELLA",07701,,VITHALGARDENAVAILABLE,VITHALGARDENAVAILABLE,lot1,18,0,18,0,2029-02-16
L311011,8006933076466,"BIO AROMI ECO FRIENDLY ANETO",L311011,,VITHALGARDENAVAILABLE,VITHALGARDENAVAILABLE,GL1,20,0,20,0,2025-12-31
L311001,8006933076367,"BIO AROMI ECO FRIENDLY BASILICO",L311001,,VITHALGARDENAVAILABLE,VITHALGARDENAVAILABLE,GL1,13,0,13,0,2025-12-31
L311013,8006933076480,"BIO AROMI ECO FRIENDLY CORIANDOLO",L311013,,VITHALGARDENAVAILABLE,VITHALGARDENAVAILABLE,GL1,13,0,13,0,2025-12-31
L311005,8006933076404,"BIO AROMI ECO FRIENDLY FINOCCHIO SELVATICO",L311005,,VITHALGARDENAVAILABLE,VITHALGARDENAVAILABLE,GL1,17,0,17,0,2025-12-31
L311004,8006933076398,"BIO AROMI ECO FRIENDLY LAVANDA",L311004,,VITHALGARDENAVAILABLE,VITHALGARDENAVAILABLE,GL1,18,0,18,0,2025-12-31
L311012,8006933076473,"BIO AROMI ECO FRIENDLY MAGGIORANA",L311012,,VITHALGARDENAVAILABLE,VITHALGARDENAVAILABLE,GL1,19,0,19,0,2025-12-31
L311009,8006933076442,"BIO AROMI ECO FRIENDLY ORIGANO",L311009,,VITHALGARDENAVAILABLE,VITHALGARDENAVAILABLE,L311009,20,0,20,0,2028-02-13
L311002,8006933076374,"BIO AROMI ECO FRIENDLY PREZZEMOLO",L311002,,VITHALGARDENAVAILABLE,VITHALGARDENAVAILABLE,GL1,19,0,19,0,2025-12-31
L311007,8006933076428,"BIO AROMI ECO FRIENDLY ROSMARINO",L311007,,VITHALGARDENAVAILABLE,VITHALGARDENAVAILABLE,L311007,20,0,20,0,2030-02-14
L311006,8006933076411,"BIO AROMI ECO FRIENDLY SALVIA",L311006,,VITHALGARDENAVAILABLE,VITHALGARDENAVAILABLE,L311006,17,0,17,0,2025-12-31
L311014,8006933076497,"BIO AROMI ECO FRIENDLY TARASSACO",L311014,,VITHALGARDENAVAILABLE,VITHALGARDENAVAILABLE,GL1,19,0,19,0,2025-12-12
L311008,8006933076435,"BIO AROMI ECO FRIENDLY TIMO",L311008,,VITHALGARDENAVAILABLE,VITHALGARDENAVAILABLE,GL1,14,0,14,0,2025-12-31
L312002,8006933076510,"BIO ORTO ECO FRIENDLY POMODORO CILIEGINO A GRAPPOLO",L312002,,VITHALGARDENAVAILABLE,VITHALGARDENAVAILABLE,L372002,13,0,13,0,2025-12-12
L312005,8006933076541,"BIO ORTO ECO FRIENDLY RAVANELLO ROSSO",L312005,,VITHALGARDENAVAILABLE,VITHALGARDENAVAILABLE,GL1,17,0,17,0,2025-12-31
L312004,8006933076534,"BIO ORTO ECO FRIENDLY VALERIANA D'OLANDA A SEME GROSSO",L312004,,VITHALGARDENAVAILABLE,VITHALGARDENAVAILABLE,GL1,18,0,18,0,2025-12-31
E0278,8006933028250,"BONSAI DI PINO",E0278,,VITHALGARDENAVAILABLE,VITHALGARDENAVAILABLE,lot1,8,0,8,0,2028-02-17
E0286,8006933028335,"DALIA A FIORE SEMPLICE IN MISCUGLIO",E0286,,VITHALGARDENAVAILABLE,VITHALGARDENAVAILABLE,lot1,14,0,14,0,2029-05-18
E0205,8006933027529,"DELPHINUM PERENNE IN MISCUGLIO",E0205,,VITHALGARDENAVAILABLE,VITHALGARDENAVAILABLE,01,18,0,18,0,2030-01-31
GT021,3353090015773,"COLDPRO tg 10",GT021,,VITHALGARDENAVAILABLE,VITHALGARDENAVAILABLE,lotto1,10,0,10,0,2035-01-31
GT022,3353090015780,"COLDPRO tg 11",GT022,,VITHALGARDENAVAILABLE,VITHALGARDENAVAILABLE,lotto1,10,0,10,0,2035-01-31
Y708001,8006933057014,"AIR SPRAY ml 400",Y708001,,VITHALGARDENSCRAPING,VITHALGARDENSCRAPING,01,1,0,1,0,2035-01-31
15400,8002840154006,"DIAVOLINA BELFUOCO",15400,,VITHALGARDENAVAILABLE,VITHALGARDENAVAILABLE,lotto1,79,0,79,0,2035-05-30
GT020,3353090015766,"COLDPRO tg 09",GT020,,VITHALGARDENAVAILABLE,VITHALGARDENAVAILABLE,lotto1,8,0,8,0,2035-01-31
GT004,3353090078433,"AXEL tg 3/4 - Linea Bambini",GT004,,VITHALGARDENAVAILABLE,VITHALGARDENAVAILABLE,lotto1,14,0,14,0,2035-01-31
GT002,3353090078426,"ANABEL  tg 5/6  - Linea Bambini",GT002,,VITHALGARDENAVAILABLE,VITHALGARDENAVAILABLE,lotto1,18,0,18,0,2035-01-31
15330,8002840153306,"DIAVOLINA ACC. GRILL NATURALE 24 acc.",15330,,VITHALGARDENAVAILABLE,VITHALGARDENAVAILABLE,26912022,55,0,55,0,2035-01-31
15330,8002840153306,"DIAVOLINA ACC. GRILL NATURALE 24 acc.",15330,,VITHALGARDENAVAILABLE,VITHALGARDENAVAILABLE,45,120,0,120,0,2027-12-31
15428,8002840154280,"DIAVOLINA 20 BUSTINE ULTRALIGHT",15428,,VITHALGARDENAVAILABLE,VITHALGARDENAVAILABLE,lotto1,80,0,80,0,2035-01-31
Y706001,8006933069567,"DEODORANTE CUCCE ml 500",Y706001,,VITHALGARDENAVAILABLE,VITHALGARDENAVAILABLE,lotto1,10,0,10,0,2035-01-31
Y708001,8006933057014,"AIR SPRAY ml 400",Y708001,,VITHALGARDENAVAILABLE,VITHALGARDENAVAILABLE,01,6,0,6,0,2035-01-31
X401402,8006933079092,"ANTICOCCINIGLIA INSETTICIDA PFNPO ml 500",X401402,,VITHALGARDENAVAILABLE,VITHALGARDENAVAILABLE,L12400910,14,0,14,0,2035-01-31
GT013,3353090089491,"BOHO tg 08",GT013,,VITHALGARDENAVAILABLE,VITHALGARDENAVAILABLE,lotto1,11,0,11,0,2035-01-31
GT012,3353090089484,"BOHO tg 07",GT012,,VITHALGARDENAVAILABLE,VITHALGARDENAVAILABLE,lotto1,10,0,10,0,2035-01-31
GT014,3353090082454,"CANADA tg 06",GT014,,VITHALGARDENAVAILABLE,VITHALGARDENAVAILABLE,lotto1,18,0,18,0,2035-01-31
IT6003,8023868005200,"Ammendante per concimazione di fondo 45L",IT6003,,VITHALGARDENAVAILABLE,VITHALGARDENAVAILABLE,lotto1,23,0,23,0,2035-12-30
GT003,3353090099766,"ARTHUR  tg 5/7 - Linea Bambini",GT003,,VITHALGARDENAVAILABLE,VITHALGARDENAVAILABLE,lotto1,10,0,10,0,2035-01-31
GT019,3353090015759,"COLDPRO tg 08",GT019,,VITHALGARDENAVAILABLE,VITHALGARDENAVAILABLE,lotto1,10,0,10,0,2035-01-31
GT008,3353090099919,"BASIC tg 08",GT008,,VITHALGARDENAVAILABLE,VITHALGARDENAVAILABLE,lotto1,10,0,10,0,2035-01-31
GT011,3353090089477,"BOHO tg 06",GT011,,VITHALGARDENAVAILABLE,VITHALGARDENAVAILABLE,lotto1,10,0,10,0,2035-01-31
GT007,3353090099902,"BASIC tg 07",GT007,,VITHALGARDENAVAILABLE,VITHALGARDENAVAILABLE,lotto1,10,0,10,0,2035-01-31
GT006,3353090099896,"BASIC tg 06",GT006,,VITHALGARDENAVAILABLE,VITHALGARDENAVAILABLE,lotto1,10,0,10,0,2035-01-31
B33319,8006933069345,"24 PASTIGLIE DI COCCO CON RETE ? 3,5 CM",B33319,,VITHALGARDENAVAILABLE,VITHALGARDENAVAILABLE,lotto1,17,0,17,0,2035-01-31
IT6154,3121970133516,"Corteccia Pino Mari 25-40 60L",IT6154,,VITHALGARDENAVAILABLE,VITHALGARDENAVAILABLE,lotto1,15,0,15,0,2035-01-31
15430,8002840154303,"DIAVOLINA ACCENDIFUOCO LIQUIDO INODORE 750ml.",15430,,VITHALGARDENAVAILABLE,VITHALGARDENAVAILABLE,216039,98,0,98,0,2035-01-31
15555,8002840155553,"DIAVOLINA BICCHIERE CITRONELLA",15555,,VITHALGARDENAVAILABLE,VITHALGARDENAVAILABLE,02,189,0,189,0,2030-01-31
GT010,3353090099933,"BASIC tg 10",GT010,,VITHALGARDENAVAILABLE,VITHALGARDENAVAILABLE,lotto1,10,0,10,0,2035-01-31
GT015,3353090078686,"CANADA tg 07",GT015,,VITHALGARDENAVAILABLE,VITHALGARDENAVAILABLE,lotto1,15,0,15,0,2035-01-31
GT001,3353090078419,"ANABEL  tg 3/4  - Linea Bambini",GT001,,VITHALGARDENAVAILABLE,VITHALGARDENAVAILABLE,lotto1,13,0,13,0,2035-01-31
GT018,3353090078716,"CANADA tg 10",GT018,,VITHALGARDENAVAILABLE,VITHALGARDENAVAILABLE,lotto1,15,0,15,0,2035-01-31
GT005,3353090078440,"AXEL tg 5/6 - Linea Bambini",GT005,,VITHALGARDENAVAILABLE,VITHALGARDENAVAILABLE,lotto1,20,0,20,0,2035-01-31
14781,8056001114781,"6 LUCCIOLE SOLARI BIANCO CALDO CON 2 GIOCHI DI LUCE H.72CM 1,2V",14781,,VITHALGARDENAVAILABLE,VITHALGARDENAVAILABLE,lotto1,22,0,22,0,2035-01-31
15312,8002840153122,"DIAVOLINA ACCEND. NATURALE 28 acc.",15312,,VITHALGARDENAVAILABLE,VITHALGARDENAVAILABLE,L1,119,0,119,0,2028-02-13
15420,8002840154204,"DIAVOLINA ACCENDITUTTO",15420,,VITHALGARDENAVAILABLE,VITHALGARDENAVAILABLE,20250213,156,0,156,0,2028-02-01
15550,8002840155508,"DIAVOLINA ASTUCCIO TEALIGHT CITRONELLA 10pz.",15550,,VITHALGARDENAVAILABLE,VITHALGARDENAVAILABLE,L1,29,0,29,0,2028-02-13
38071,8034052738071,"20 LAMPADINE BIANCO NATURALE DA ESTERNO PROLUNGABILE 15M IN SCATOLA REGA",38071,,VITHALGARDENAVAILABLE,VITHALGARDENAVAILABLE,20421219,4,0,4,0,2030-02-24
B33300,8006933069338,"24 PASTIGLIE DI COCCO SENZA RETE ? 3,5 CM",B33300,,VITHALGARDENAVAILABLE,VITHALGARDENAVAILABLE,lotto1,19,0,19,0,2035-01-31
B33316,8006933069406,"12 VASETTI BIODEGRADABILI IN COCCO ? 6 CM",B33316,,VITHALGARDENAVAILABLE,VITHALGARDENAVAILABLE,lotto1,12,0,12,0,2035-01-31
B11126,8006933069277,"3 PIATTI IN POLISTIRENE 72 CELLE - 3 piatti 53 x 25 x 4,2 cm",B11126,,VITHALGARDENAVAILABLE,VITHALGARDENAVAILABLE,lotto1,10,0,10,0,2035-01-31
B33305,8006933069390,"24 VASETTI BIODEGRADABILI IN COCCO ? 6 CM",B33305,,VITHALGARDENAVAILABLE,VITHALGARDENAVAILABLE,lotto1,19,0,19,0,2035-05-30
B80096,8006933071188,"12 PASTIGLIE DI COCCO CON RETE ? 5 CM",B80096,,VITHALGARDENAVAILABLE,VITHALGARDENAVAILABLE,lotto1,13,0,13,0,2035-05-30
17273,8056001017273,"CASSETTA IN METALLO 2 SCOMPARTI CON MANICO IN LEGNO 29X16X16.5CM ASSORTI",17273,,VITHALGARDENAVAILABLE,VITHALGARDENAVAILABLE,lotto1,12,0,12,0,2035-01-31
14798,8056001114798,"10 LUCCIOLE SOLARI BIANCO CALDO CON 2 GIOCHI DI LUCE H.72CM 1,2V SC.REG",14798,,VITHALGARDENAVAILABLE,VITHALGARDENAVAILABLE,lot1,17,0,17,0,2035-02-25
02819,8034052802819,"20 LAMPADINE BIANCO NATURALE DA ESTERNO PROLUNGABILE 15M IN SCATOLA REGA",02819,,VITHALGARDENAVAILABLE,VITHALGARDENAVAILABLE,lot1,6,0,6,0,2040-02-25
15560,8002840155607,"DIAVOLINA FIACCOLA ?16 cm CITRONELLA",15560,,VITHALGARDENAVAILABLE,VITHALGARDENAVAILABLE,lot1,108,0,108,0,2028-02-13
E0173,8006933027192,"FIORI PERENNI PER GIARDINI ROCCIOSI",E0173,,VITHALGARDENAVAILABLE,VITHALGARDENAVAILABLE,lot1,18,0,18,0,2030-03-12
E0121,8006933026232,"FRAGOLA DI BOSCO",E0121,,VITHALGARDENAVAILABLE,VITHALGARDENAVAILABLE,lot1,20,0,20,0,2027-12-31
6567,3121970142464,"Evergreen Handy Green II",6567,,VITHALGARDENAVAILABLE,VITHALGARDENAVAILABLE,lotto1,52,0,52,0,2035-01-31
RIN06,8023868005279,"Evergreen Rinverdente Kg 5 (4 sacchi)",RIN06,,VITHALGARDENAVAILABLE,VITHALGARDENAVAILABLE,lotto1,13,0,13,0,2035-01-31
15040,8002840150404,"I - DIAVOLINA PIASTRE E FORNELLI gr 50",15040,,VITHALGARDENAVAILABLE,VITHALGARDENAVAILABLE,L1,114,0,114,0,2028-02-13
99873,8056001099873,"DIFFUSORE DI ESSENZA ROSSO PASSIONE ml 125",99873,,VITHALGARDENAVAILABLE,VITHALGARDENAVAILABLE,lotto1,13,0,13,0,2035-01-31
19506,8034052719506,"FILO 60 LED COLORE BIANCO CALDO A BATTERIA DA ESTERNO CON 8 GIOCHI",19506,,VITHALGARDENAVAILABLE,VITHALGARDENAVAILABLE,Lotto38411125,48,0,48,0,2035-02-20
15327,8002840153276,"I - DIAVOLINA LIGNITE 16 accensioni Maxi",15327,,VITHALGARDENAVAILABLE,VITHALGARDENAVAILABLE,lotto1,0,0,0,0,2035-01-31
99897,8056001099897,"DIFFUSORE DI ESSENZA ARIA di FRAGOLINO ml 125",99897,,VITHALGARDENAVAILABLE,VITHALGARDENAVAILABLE,lotto1,11,0,11,0,2035-01-31
GT028,3353090065273,"FUSHIA tg 08",GT028,,VITHALGARDENAVAILABLE,VITHALGARDENAVAILABLE,LOTTO1,8,0,8,0,2035-01-31
15341,8002840153412,"DIAVOLINA GREEN POWER NATURALE 40 acc.",15341,,VITHALGARDENAVAILABLE,VITHALGARDENAVAILABLE,lotto1,185,0,185,0,2035-01-31
15030,8002840150305,"DIAVOLINA CEPPO SPAZZACAMINO",15030,,VITHALGARDENAVAILABLE,VITHALGARDENAVAILABLE,24B23,56,0,56,0,2035-01-31
GT026,3353090065259,"FUSHIA tg 06",GT026,,VITHALGARDENAVAILABLE,VITHALGARDENAVAILABLE,lottp1,10,0,10,0,2035-05-30
6314,3121970160086,"Freeze Anticimici ml 300",6314,,VITHALGARDENAVAILABLE,VITHALGARDENAVAILABLE,lotto1,11,0,11,0,2035-01-31
15361,8002840153610,"DIAVOLINA ECO-RICCI SACCO 1 KG",15361,,VITHALGARDENAVAILABLE,VITHALGARDENAVAILABLE,lotto1,16,0,16,0,2035-02-20
CM005,8023868006436,"Garden Fert LongLife Kg 5 (**)",CM005,,VITHALGARDENAVAILABLE,VITHALGARDENAVAILABLE,A00869K,68,0,68,0,2035-02-28
15510,8002840155102,"I - DIAVOLINA BBQUBE 24 acc. in spuma solida",15510,,VITHALGARDENAVAILABLE,VITHALGARDENAVAILABLE,0335,216,0,216,0,2035-01-31
16590,8002840165903,"I - DIAVOLINA MAXI ACCENDINI BLISTER 1x2",16590,,VITHALGARDENAVAILABLE,VITHALGARDENAVAILABLE,LOTTO1,70,0,70,0,2035-01-31
Y700901,5060494310257,"DOGKALM ml 250",Y700901,,VITHALGARDENAVAILABLE,VITHALGARDENAVAILABLE,LOTTO1,9,0,9,0,2035-01-31
6113,3121970173550,"Evergreen Sport e Gioco Kg 1",6113,,VITHALGARDENAVAILABLE,VITHALGARDENAVAILABLE,F2163MO32971,11,0,11,0,2035-05-30
GT024,3353090089767,"FLOWER tg 07",GT024,,VITHALGARDENAVAILABLE,VITHALGARDENAVAILABLE,lotto1,9,0,9,0,2035-01-31
96841,8056001096841,"DIFFUSORE DI ESSENZA LIME e BASILICO ml 125",96841,,VITHALGARDENAVAILABLE,VITHALGARDENAVAILABLE,lotto1,12,0,12,0,2035-01-31
99866,8056001099866,"DIFFUSORE DI ESSENZA ROSSO DIVINO ml 125",99866,,VITHALGARDENAVAILABLE,VITHALGARDENAVAILABLE,lotto1,12,0,12,0,2053-01-31
96858,8056001096858,"DIFFUSORE DI ESSENZA VANIGLIA e RUM ml 125",96858,,VITHALGARDENAVAILABLE,VITHALGARDENAVAILABLE,lotto1,19,0,19,0,2035-01-31
16439,8034052316439,"DIFFUSORE DI ESSENZA OLIO di ARGAN ml 125",16439,,VITHALGARDENAVAILABLE,VITHALGARDENAVAILABLE,lotto1,19,0,19,0,2035-01-31
15337,8002840153375,"DIAVOLINA GREEN POWER 18 maxi tavolette",15337,,VITHALGARDENAVAILABLE,VITHALGARDENAVAILABLE,L1,65,0,65,0,2035-01-31
16585,8002840165859,"I - DIAVOLINA ACCENDITORE A GAS",16585,,VITHALGARDENAVAILABLE,VITHALGARDENAVAILABLE,lotto1,123,0,123,0,2035-01-31
15364,8002840153641,"DIAVOLINA ECO-RICCI  ACCEND. BOX 50",15364,,VITHALGARDENAVAILABLE,VITHALGARDENAVAILABLE,lotto1,121,0,121,0,2035-01-31
X501600,8006933069116,"ERBICIDA CONCENTRATO ml 500",X501600,,VITHALGARDENAVAILABLE,VITHALGARDENAVAILABLE,L1,36,0,36,0,2035-01-31
15565,8002840155652,"DIAVOLINA COCCIO CON FIACCOLA ?16",15565,,VITHALGARDENAVAILABLE,VITHALGARDENAVAILABLE,,0,0,0,0,
15500,8002840155003,"DIAVOLINA SACCO BRACE -  1,8kg.",15500,,VITHALGARDENAVAILABLE,VITHALGARDENAVAILABLE,lot1,87,0,87,0,2040-02-13
15502,8002840155027,"DIAVOLINA SACCO BRACE -  2x1kg.",15502,,VITHALGARDENAVAILABLE,VITHALGARDENAVAILABLE,lot1,89,0,89,0,2040-02-13
GT084,3353090079348,"DRYFEEL tg 07",GT084,,VITHALGARDENAVAILABLE,VITHALGARDENAVAILABLE,lot1,15,0,15,0,2039-02-13
GT085,3353090079355,"DRYFEEL tg 08",GT085,,VITHALGARDENAVAILABLE,VITHALGARDENAVAILABLE,lot1,15,0,15,0,2035-03-18
GT086,3353090079362,"DRYFEEL tg 09",GT086,,VITHALGARDENAVAILABLE,VITHALGARDENAVAILABLE,lot1,15,0,15,0,2040-02-13
E0147,8006933026539,"ERBA PER GATTI",E0147,,VITHALGARDENAVAILABLE,VITHALGARDENAVAILABLE,lot1,12,0,12,0,2030-02-16
6359,3121971387406,"Evergreen Antistress 2 kg",6359,,VITHALGARDENAVAILABLE,VITHALGARDENAVAILABLE,45,67,0,67,0,2027-12-31
E0212,8006933027598,"FIORI ANNUALI PER GIARDINI ROCCIOSI",E0212,,VITHALGARDENAVAILABLE,VITHALGARDENAVAILABLE,lot1,20,0,20,0,2030-03-18
E0203,8006933027505,"FIORI PER TAPPETO ERBOSO IN MISCUGLIO",E0203,,VITHALGARDENAVAILABLE,VITHALGARDENAVAILABLE,02,14,0,14,0,2030-01-31
E0122,8006933026249,"FRAGOLA RAMPICANTE",E0122,,VITHALGARDENAVAILABLE,VITHALGARDENAVAILABLE,lot1,24,0,24,0,2029-04-18
E0228,8006933027758,"GAROFANO A PIUMINO A MISCUGLIO",E0228,,VITHALGARDENAVAILABLE,VITHALGARDENAVAILABLE,Lotto1,15,0,15,0,2027-12-31
E0233,8006933027802,"GERANIO ZONALE",E0233,,VITHALGARDENAVAILABLE,VITHALGARDENAVAILABLE,Lotto1,3,0,3,0,2027-01-31
E0192,8006933027383,"GIRASOLE DOPPIO NANO GIALLO",E0192,,VITHALGARDENAVAILABLE,VITHALGARDENAVAILABLE,lot1,17,0,17,0,2030-02-13
15320,8002840153207,"I - DIAVOLINA ACCENDIGRILL LIQUIDO lt 1",15320,,VITHALGARDENAVAILABLE,VITHALGARDENAVAILABLE,Lotto1,74,0,74,0,2025-01-31
15332,8002840153320,"I - DIAVOLINA ECO-RICCI  24 acc.",15332,,VITHALGARDENAVAILABLE,VITHALGARDENAVAILABLE,Lotto1,121,0,121,0,2025-01-31
15332,8002840153320,"I - DIAVOLINA ECO-RICCI  24 acc.",15332,,VITHALGARDENAVAILABLE,VITHALGARDENAVAILABLE,LOTTO1,22,0,22,0,2035-01-31
16592,8002840165927,"I - DIAVOLINA MAXI ACCENDINI BLISTER 1x3",16592,,VITHALGARDENAVAILABLE,VITHALGARDENAVAILABLE,Lotto1,78,0,78,0,2025-01-31
16570,8002840165705,"I - DIAVOLINA MINI ACCENDINI BLISTER 1x2",16570,,VITHALGARDENAVAILABLE,VITHALGARDENAVAILABLE,03,135,0,135,0,2030-01-31
16575,8002840165750,"I - DIAVOLINA MINI ACCENDINI BLISTER 1x3",16575,,VITHALGARDENAVAILABLE,VITHALGARDENAVAILABLE,Lotto1,75,0,75,0,2025-01-31
15370,8002840153702,"DIAVOLINA PULITORE PLASTICA",15370,,VITHALGARDENSCRAPING,VITHALGARDENSCRAPING,L1,1,0,1,0,2035-01-31
6113,3121970173550,"Evergreen Sport e Gioco Kg 1",6113,,VITHALGARDENSCRAPING,VITHALGARDENSCRAPING,F2163MO32971,2,0,2,0,2035-05-30
6118,3121970173598,"Evergreen Mediterraneo Plus Kg 1",6118,,VITHALGARDENAVAILABLE,VITHALGARDENAVAILABLE,lotto1,15,0,15,0,2035-01-31
15505,8002840155058,"DIAVOLINA GRIGLIA & GETTA",15505,,VITHALGARDENAVAILABLE,VITHALGARDENAVAILABLE,220263422,90,0,90,0,2028-02-13
CON02,8023868004852,"Evergreen Mantenimento Kg 2",CON02,,VITHALGARDENAVAILABLE,VITHALGARDENAVAILABLE,lotto1,3,0,3,0,2035-01-31
15055,8002840150558,"DIAVOLINA SUPERVETRO Ricambio 1000ml.",15055,,VITHALGARDENAVAILABLE,VITHALGARDENAVAILABLE,lotto1,32,0,32,0,2035-01-31
EASYN,3121970183795,"Evergreen Spandiconcime Easy Green",EASYN,,VITHALGARDENAVAILABLE,VITHALGARDENAVAILABLE,lotto1,6,0,6,0,2035-01-31
15345,8002840153450,"I - DIAVOLINA  ACCENDIFUOCO BIO GEL ml 750",15345,,VITHALGARDENAVAILABLE,VITHALGARDENAVAILABLE,20250213,85,0,85,0,2028-02-01
TE009,802386800809602,"ECO RESP. Terriccio Universale 20L",TE009,,VITHALGARDENAVAILABLE,VITHALGARDENAVAILABLE,lotto1,19,0,19,0,2035-05-30
16520,80768753,"DIAVOLINA LE TRE STELLE ""FAMILIARE ITALIA"" F.100",16520,,VITHALGARDENAVAILABLE,VITHALGARDENAVAILABLE,lotto1,41,0,41,0,2035-01-31
15376,8002840153764,"DIAVOLINA OLIO NUTRIENTE LEGNO",15376,,VITHALGARDENAVAILABLE,VITHALGARDENAVAILABLE,808009,105,0,105,0,2035-01-31
15000,8002840150008,"DIAVOLINA SPAZZACAMINO g 270",15000,,VITHALGARDENAVAILABLE,VITHALGARDENAVAILABLE,lotto1,55,0,55,0,2035-01-31
15370,8002840153702,"DIAVOLINA PULITORE PLASTICA",15370,,VITHALGARDENAVAILABLE,VITHALGARDENAVAILABLE,L1,112,0,112,0,2035-01-31
15372,8002840153726,"DIAVOLINA PULITORE LEGNO",15372,,VITHALGARDENAVAILABLE,VITHALGARDENAVAILABLE,305903,101,0,101,0,2035-01-31
GFR10,8023868004593,"Garden Fert Ready Kg 10",GFR10,,VITHALGARDENAVAILABLE,VITHALGARDENAVAILABLE,lotto1,26,0,26,0,2035-01-31
55846,8034052855846,"DIFFUSORE DI ESSENZA ""BOTTIGLIA ESAGONALE"" FIORI della CALIFORNIA ml 700",55846,,VITHALGARDENAVAILABLE,VITHALGARDENAVAILABLE,lotto1,4,0,4,0,2035-01-31
19452,8034052719452,"FILO 40 LED COLORE BIANCO CALDO A BATTERIA DA ESTERNO CON 8 GIOCHI",19452,,VITHALGARDENAVAILABLE,VITHALGARDENAVAILABLE,Lotto38411125,24,0,24,0,2035-02-20
GT087,3353090079379,"DRYFEEL tg 10",GT087,,VITHALGARDENAVAILABLE,VITHALGARDENAVAILABLE,lotto1,15,0,15,0,2035-01-31
15343,8002840153436,"DIAVOLINA GREEN POWER LIQUIDO 750ml.",15343,,VITHALGARDENAVAILABLE,VITHALGARDENAVAILABLE,221020,73,0,73,0,2035-01-31
15335,8002840153351,"I - DIAVOLINA GREEN POWER 48 cubi",15335,,VITHALGARDENAVAILABLE,VITHALGARDENAVAILABLE,lotto1,190,0,190,0,2035-01-31
16500,8002840165002,"I - DIAVOLINA LE TRE STELLE ""CUCINA"" F.60",16500,,VITHALGARDENAVAILABLE,VITHALGARDENAVAILABLE,lotto1,78,0,78,0,2035-01-31
GT030,3353090078464,"GASTON tg 6/8 - Linea Bambini",GT030,,VITHALGARDENAVAILABLE,VITHALGARDENAVAILABLE,lotto1,10,0,10,0,2035-01-31
GT130,3353090101353,"CHALEUR tg 10",GT130,,VITHALGARDENAVAILABLE,VITHALGARDENAVAILABLE,45,4,0,4,0,2030-12-31
CM020,8023868007730,"Garden Fert Giardino Kg 1,5",CM020,,VITHALGARDENAVAILABLE,VITHALGARDENAVAILABLE,lltto1,3,0,3,0,2035-05-30
CM019,8023868007716,"Garden Fert Ready Kg 1,5",CM019,,VITHALGARDENAVAILABLE,VITHALGARDENAVAILABLE,3B2301,19,0,19,0,2035-01-31
6108,3121970173536,"Evergreen Facile e Veloce Kg 1",6108,,VITHALGARDENAVAILABLE,VITHALGARDENAVAILABLE,Lotto1,16,0,16,0,2035-01-31
CM007,8023868006474,"Garden Fert Giardino Kg 5",CM007,,VITHALGARDENAVAILABLE,VITHALGARDENAVAILABLE,lot1,101,0,101,0,2030-12-31
55808,8034052855808,"DIFFUSORE DI ESSENZA ""BOTTIGLIA ESAGONALE"" AGRUMI di SICILIA ml 700",55808,,VITHALGARDENAVAILABLE,VITHALGARDENAVAILABLE,lotto1,8,0,8,0,2035-01-31
CON01,8023868004838,"Evergreen Semina kg 2",CON01,,VITHALGARDENAVAILABLE,VITHALGARDENAVAILABLE,lotto1,52,0,52,0,2035-05-30
GT027,3353090065266,"FUSHIA tg 07",GT027,,VITHALGARDENAVAILABLE,VITHALGARDENAVAILABLE,lotto0,9,0,9,0,2035-05-30
15035,8002840150350,"DIAVOLINA SPAZZACAMINO Spray ml 450",15035,,VITHALGARDENAVAILABLE,VITHALGARDENAVAILABLE,lotto1,123,0,123,0,2035-05-30
CM037,8023868008744,"Garden Fert LongLife Giardino Kg 12 (pallbox - 30 sacchi) (**)",CM037,,VITHALGARDENAVAILABLE,VITHALGARDENAVAILABLE,lotto1,13,0,13,0,2035-05-30
16550,8002840165507,"I - DIAVOLINA ACCENDIFACILE",16550,,VITHALGARDENAVAILABLE,VITHALGARDENAVAILABLE,20250213,11,0,11,0,2028-02-01
15365,8002840153658,"I - DIAVOLINA RIFORNELLO GEL RICARICA 3 PEZZI",15365,,VITHALGARDENAVAILABLE,VITHALGARDENAVAILABLE,L1,61,0,61,0,2028-02-13
15425,8002840154259,"I - DIAVOLINA ACCENDIFUOCO LIGNITE 48 cubi",15425,,VITHALGARDENAVAILABLE,VITHALGARDENAVAILABLE,L1,1,0,1,0,2028-02-13
15300,8002840153009,"I - DIAVOLINA ACCENDIFUOCO 40 cubi",15300,,VITHALGARDENAVAILABLE,VITHALGARDENAVAILABLE,L1,170,0,170,0,2028-02-13
15352,8002840153528,"DIAVOLINA FIBRA GRILL",15352,,VITHALGARDENAVAILABLE,VITHALGARDENAVAILABLE,L1,210,0,210,0,2028-02-13
15356,8002840153566,"DIAVOLINA GREEN POWER BAG 85 acc. naturali",15356,,VITHALGARDENAVAILABLE,VITHALGARDENAVAILABLE,20250213,120,0,120,0,2028-02-01
15010,8002840150107,"DIAVOLINA SPAZZACAMINO 5 bustine x 50gr.",15010,,VITHALGARDENAVAILABLE,VITHALGARDENAVAILABLE,L1,15,0,15,0,2028-02-28
6122,3121970173611,"Evergreen Ombra Kg 1",6122,,VITHALGARDENAVAILABLE,VITHALGARDENAVAILABLE,lotto1,12,0,12,0,2035-01-31
15317,8002840153177,"DIAVOLINA NATURALE BOX 100 acc.",15317,,VITHALGARDENAVAILABLE,VITHALGARDENAVAILABLE,lotto1,4,0,4,0,2035-01-31
15070,8002840150701,"DIAVOLINA PIETRE E MATTONI Spray 500ml.",15070,,VITHALGARDENAVAILABLE,VITHALGARDENAVAILABLE,45,41,0,41,0,2027-12-31
15350,8002840153504,"DIAVOLINA PULITORE GRILL Spray 500ml.",15350,,VITHALGARDENAVAILABLE,VITHALGARDENAVAILABLE,45,53,0,53,0,2027-12-31
X605100,8006933079634,"FITO IRRIGO' 4x ml 300",X605100,,VITHALGARDENAVAILABLE,VITHALGARDENAVAILABLE,X605100,42,0,42,0,2035-02-28
X501501,8006933079115,"ERBICIDA RTU L 1",X501501,,VITHALGARDENAVAILABLE,VITHALGARDENAVAILABLE,lotto1,38,0,38,0,2035-01-31
15353,8002840153535,"DIAVOLINA HEAVY ROLL PANNO CASA",15353,,VITHALGARDENAVAILABLE,VITHALGARDENAVAILABLE,lotto1,71,0,71,0,2035-01-31
16507,8034052316507,"DIFFUSORE DI ESSENZA MELOGRANO ml 125",16507,,VITHALGARDENAVAILABLE,VITHALGARDENAVAILABLE,lot1,12,0,12,0,2030-02-25
45181,8034052545181,"FIORIERA IN LEGNO DA APPENDERE H.75X28X28 CM",45181,,VITHALGARDENAVAILABLE,VITHALGARDENAVAILABLE,lot1,12,0,12,0,2035-02-25
55815,8034052855815,"DIFFUSORE DI ESSENZA ""BOTTIGLIA ESAGONALE"" MELOGRANO ml 700",55815,,VITHALGARDENAVAILABLE,VITHALGARDENAVAILABLE,lot1,6,0,6,0,2030-02-25
55792,8034052855792,"DIFFUSORE DI ESSENZA ""BOTTIGLIA ESAGONALE"" MUSCHIO ORIENTALE ml 700",55792,,VITHALGARDENAVAILABLE,VITHALGARDENAVAILABLE,lotto1,9,0,9,0,2035-01-31
CM018,8023868007693,"Garden Fert Long Life Kg 1,5",CM018,,VITHALGARDENAVAILABLE,VITHALGARDENAVAILABLE,,0,0,0,0,
CM028,8023868003503,"KB Unistar Plus Lt 1",CM028,,VITHALGARDENAVAILABLE,VITHALGARDENAVAILABLE,45,34,0,34,0,2027-12-31
6096,3121970173376,"KB Universale NF ml 250",6096,,VITHALGARDENSCRAPING,VITHALGARDENSCRAPING,17021,1,0,1,0,2035-01-31
6094,3121970186406,"KB Orchidee NF ml 250",6094,,VITHALGARDENSCRAPING,VITHALGARDENSCRAPING,36422,2,0,2,0,2035-01-31
PM010,8023868007174,"I - Nexa Svuotamento Totale ml 150",PM010,,VITHALGARDENSCRAPING,VITHALGARDENSCRAPING,02,31,0,31,0,2022-03-01
CM028,8023868003503,"KB Unistar Plus Lt 1",CM028,,VITHALGARDENSCRAPING,VITHALGARDENSCRAPING,45,1,0,1,0,2027-12-31
BR0024,7898963695257,"Irriga Facil ml 300",BR0024,,VITHALGARDENAVAILABLE,VITHALGARDENAVAILABLE,lot1,99,0,99,0,2029-02-13
6543,3121970173413,"KB Concime Agrumi NF Lt 1",6543,,VITHALGARDENAVAILABLE,VITHALGARDENAVAILABLE,lotto1,34,0,34,0,2035-01-31
SP007,8023868008072,"KB Idratante Orchidee ml 250",SP007,,VITHALGARDENAVAILABLE,VITHALGARDENAVAILABLE,c232165,17,0,17,0,2035-01-31
NUN2,802386800350302,"KB UNISTAR 1 lt",NUN2,,VITHALGARDENAVAILABLE,VITHALGARDENAVAILABLE,Q38I,26,0,26,0,2035-01-31
E0282,8006933028298,MESEMBRIANTEMO,E0282,,VITHALGARDENAVAILABLE,VITHALGARDENAVAILABLE,Lotto1,20,0,20,0,2027-01-31
CM026,8023868007853,"KB Semina & Rigenerazione 2 kg",CM026,,VITHALGARDENAVAILABLE,VITHALGARDENAVAILABLE,lotto1,12,0,12,0,2035-05-30
6090,3121970186321,"KB Concime Piante da fiore NF Lt 1",6090,,VITHALGARDENAVAILABLE,VITHALGARDENAVAILABLE,lot1,26,0,26,0,2035-02-20
CM027,8023868007877,"KB Antistress 2 kg",CM027,,VITHALGARDENAVAILABLE,VITHALGARDENAVAILABLE,,0,0,0,0,
6092,3121970186369,"KB Piante Verdi NF Lt 1",6092,,VITHALGARDENAVAILABLE,VITHALGARDENAVAILABLE,,0,0,0,0,
TE001,8023868006368,"MAXIMO Substrato Universale 10L",TE001,,VITHALGARDENAVAILABLE,VITHALGARDENAVAILABLE,lotto1,43,0,43,0,2035-01-31
6036,3121970157758,"KB Concime Piante da Fiore 800 gr",6036,,VITHALGARDENAVAILABLE,VITHALGARDENAVAILABLE,45,60,0,60,0,2027-12-31
GT043,3353090083833,"MAXTEEN G-I tg U",GT043,,VITHALGARDENAVAILABLE,VITHALGARDENAVAILABLE,lotto1,6,0,6,0,2035-01-31
KRUST150,3121970179200,"KB Rustico Kg 3,750",KRUST150,,VITHALGARDENAVAILABLE,VITHALGARDENAVAILABLE,lotto1,24,0,24,0,2035-01-31
GT033,3353090073186,"MAXFEEL tg 07",GT033,,VITHALGARDENAVAILABLE,VITHALGARDENAVAILABLE,lotto1,14,0,14,0,2035-01-31
6073,3121970158939,"KB Concime Universale (S) 800 gr",6073,,VITHALGARDENAVAILABLE,VITHALGARDENAVAILABLE,lotto1,79,0,79,0,2035-01-31
CM002,8023868006184,"KB Concime Liquido Sangue di Bue Kg 1",CM002,,VITHALGARDENAVAILABLE,VITHALGARDENAVAILABLE,lotto1,46,0,46,0,2035-01-30
CM023,8023868007792,"Kb Mantenimento 2 kg",CM023,,VITHALGARDENAVAILABLE,VITHALGARDENAVAILABLE,Lotto1,32,0,32,0,2035-01-31
GT045,3353090100004,"MAXTOP tg 08",GT045,,VITHALGARDENAVAILABLE,VITHALGARDENAVAILABLE,lotto1,8,0,8,0,2035-01-31
TO002,8023868005859,"KB Rodenticida in Blocchi g 300",TO002,,VITHALGARDENAVAILABLE,VITHALGARDENAVAILABLE,lotto1,7,0,7,0,2035-01-31
GT044,3353090099995,"MAXTOP tg 07",GT044,,VITHALGARDENAVAILABLE,VITHALGARDENAVAILABLE,potto1,14,0,14,0,2035-05-30
IOR01,8023868005149,"KB Integratore Orchidee (6x32ml)",IOR01,,VITHALGARDENAVAILABLE,VITHALGARDENAVAILABLE,lotto1,30,0,30,0,2035-05-30
KBSOS80,3121970179637,"KB Magic Prato Kg 4",KBSOS80,,VITHALGARDENAVAILABLE,VITHALGARDENAVAILABLE,lotto1,63,0,63,0,2035-01-31
CM014,8023868006931,"KB Hydrofood Universale Kg 1",CM014,,VITHALGARDENAVAILABLE,VITHALGARDENAVAILABLE,lotto1,63,0,63,0,2035-01-31
E0190,8006933027369,"MARGHERITINA SELVATICA BIANCA DEI PRATI",E0190,,VITHALGARDENAVAILABLE,VITHALGARDENAVAILABLE,lot1,13,0,13,0,2032-01-15
B80034,8006933071164,"MINI SERRA SMALL",B80034,,VITHALGARDENAVAILABLE,VITHALGARDENAVAILABLE,LOTTO1,20,0,20,0,2035-02-28
6490,3121970173314,"KB Piante Acidofile Lt 1",6490,,VITHALGARDENAVAILABLE,VITHALGARDENAVAILABLE,lotto1,58,0,58,0,2035-01-31
PM005,8023868006511,"I - Nexa Vespe e Calabroni schiumogeno ml 750",PM005,,VITHALGARDENAVAILABLE,VITHALGARDENAVAILABLE,277T90C,58,0,58,0,2026-10-04
6076,3121970158953,"KB Concime Agrumi e Olivi (S) 800 gr",6076,,VITHALGARDENAVAILABLE,VITHALGARDENAVAILABLE,L07,19,0,19,0,2026-08-22
59896,8008090603226,"I - SPIRA SPRAY SPAZI APERTI ml 500",59896,,VITHALGARDENAVAILABLE,VITHALGARDENAVAILABLE,Lotto1,108,0,108,0,2025-01-31
E0199,8006933027468,"IMPATIENS O FIOR DI VETRO IN MISCUGLIO",E0199,,VITHALGARDENAVAILABLE,VITHALGARDENAVAILABLE,lot1,17,0,17,0,2029-04-18
E0055,8006933025556,"LATTUGA DA TAGLIO BIONDA A FOGLIA LISCIA",E0055,,VITHALGARDENAVAILABLE,VITHALGARDENAVAILABLE,lot1,17,0,17,0,2029-05-07
E0183,8006933027291,"MARGHERITA A POMPON",E0183,,VITHALGARDENAVAILABLE,VITHALGARDENAVAILABLE,lot1,20,0,20,0,2027-03-16
GT035,3353090099834,"MAXGRIP tg 07",GT035,,VITHALGARDENAVAILABLE,VITHALGARDENAVAILABLE,lot1,15,0,15,0,2040-05-13
GT042,3353090083826,"MAXTEEN F-I tg U",GT042,,VITHALGARDENAVAILABLE,VITHALGARDENAVAILABLE,Lotto1,15,0,15,0,2035-01-31
GT047,3353090100028,"MAXTOP tg 10",GT047,,VITHALGARDENAVAILABLE,VITHALGARDENAVAILABLE,lotto1,10,0,10,0,2035-01-31
15050,8002840150503,"I - DIAVOLINA SUPERVETRO Spray ml 500",15050,,VITHALGARDENAVAILABLE,VITHALGARDENAVAILABLE,lotto1,38,0,38,0,2035-01-31
D6390,312197016438102,"Kb BioPolysect AL (NE) ml 800",D6390,,VITHALGARDENAVAILABLE,VITHALGARDENAVAILABLE,L23,36,0,36,0,2033-05-30
6490,3121970173314,"KB Piante Acidofile Lt 1",6490,,VITHALGARDENSCRAPING,VITHALGARDENSCRAPING,lotto1,2,0,2,0,2035-01-31
VES02,8023868004395,"I - Nexa Anti-Vespe Rapido ml 600",VES02,,VITHALGARDENSCRAPING,VITHALGARDENSCRAPING,lotto1,1,0,1,0,2035-01-31
6091,3121970186345,"KB Concime Acidofile NF Lt 1",6091,,VITHALGARDENAVAILABLE,VITHALGARDENAVAILABLE,lotto1,15,0,15,0,2035-01-31
KSOL40,312197017359802,"KB Mediterraneo Plus Kg 1",KSOL40,,VITHALGARDENAVAILABLE,VITHALGARDENAVAILABLE,lotto1,22,0,22,0,2038-01-31
E0274,8006933028212,"MELANGE DI FIORI ESTIVI BU",E0274,,VITHALGARDENAVAILABLE,VITHALGARDENAVAILABLE,Lotto1,19,0,19,0,2035-01-31
15360,8002840153603,"I - DIAVOLINA RIFORNELLO GEL+FORNELLETTO 3 RICARICHE",15360,,VITHALGARDENAVAILABLE,VITHALGARDENAVAILABLE,lotto1,116,0,116,0,2035-01-31
VES02,8023868004395,"I - Nexa Anti-Vespe Rapido ml 600",VES02,,VITHALGARDENAVAILABLE,VITHALGARDENAVAILABLE,lotto1,44,0,44,0,2035-01-31
4465,3121970128628,"KB Bastoncini Piante Verdi 40 pz 34 g",4465,,VITHALGARDENAVAILABLE,VITHALGARDENAVAILABLE,lotto1,22,0,22,0,2035-01-31
SM001,8023868006269,"Kb Trifoglio Nanissimo g 100",SM001,,VITHALGARDENAVAILABLE,VITHALGARDENAVAILABLE,lotto1,40,0,40,0,2035-05-30
CM043,8023868013311,"KB Cycas e Palme Lt 1",CM043,,VITHALGARDENAVAILABLE,VITHALGARDENAVAILABLE,lot1,74,0,74,0,2035-02-20
X605051,8006933055065,"Irrigo Classico ml 300",X605051,,VITHALGARDENAVAILABLE,VITHALGARDENAVAILABLE,P240162,929,0,929,0,2035-02-28
X605051,8006933055065,"Irrigo Classico ml 300",X605051,,VITHALGARDENAVAILABLE,VITHALGARDENAVAILABLE,P240378,1008,0,1008,0,2030-12-31
IT6171BIS,3121970149357,"Lapillo Vulcanico 33L",IT6171BIS,,VITHALGARDENAVAILABLE,VITHALGARDENAVAILABLE,lotto1,22,1,21,0,2035-01-31
TE003,8023868006382,"MAXIMO Substrato Universale 45L",TE003,,VITHALGARDENAVAILABLE,VITHALGARDENAVAILABLE,lotto1,17,0,17,0,2035-01-31
TE002,8023868006375,"MAXIMO Substrato Universale 20L",TE002,,VITHALGARDENAVAILABLE,VITHALGARDENAVAILABLE,lotto1,20,0,20,0,2035-01-31
CM009,8023868006245,"Kb Rinverdente 2 kg",CM009,,VITHALGARDENAVAILABLE,VITHALGARDENAVAILABLE,lotto1,69,0,69,0,2035-01-31
6479,3121970173291,"KB Piante Verdi Lt 1",6479,,VITHALGARDENAVAILABLE,VITHALGARDENAVAILABLE,L26,47,0,47,0,2031-12-31
TO001,8023868005835,"KB Rodenticida in Pasta g 150",TO001,,VITHALGARDENAVAILABLE,VITHALGARDENAVAILABLE,T225671,0,0,0,0,2022-11-30
TO001,8023868005835,"KB Rodenticida in Pasta g 150",TO001,,VITHALGARDENAVAILABLE,VITHALGARDENAVAILABLE,T214985,0,0,0,0,2021-05-31
IPE01,8023868005156,"KB Integratore Peperoncini (6x35ml)",IPE01,,VITHALGARDENAVAILABLE,VITHALGARDENAVAILABLE,LOTTO1,39,0,39,0,2031-12-31
PRC2,8023868002858,"KB PROCAL ml 200",PRC2,,VITHALGARDENAVAILABLE,VITHALGARDENAVAILABLE,LOTTO1,20,0,20,0,2033-02-28
6077,3121970158977,"KB Concime Ortensie (S) 800 gr",6077,,VITHALGARDENAVAILABLE,VITHALGARDENAVAILABLE,lotto1,132,0,132,0,2035-01-31
CM015,3121970130829,"KB Ferrochelato (20g x 5 pz) gr 100",CM015,,VITHALGARDENAVAILABLE,VITHALGARDENAVAILABLE,Lotto1,64,0,64,0,2035-01-31
6094,3121970186406,"KB Orchidee NF ml 250",6094,,VITHALGARDENAVAILABLE,VITHALGARDENAVAILABLE,36422,41,0,41,0,2035-01-31
6430,3121970173239,"KB Universale Lt 1",6430,,VITHALGARDENAVAILABLE,VITHALGARDENAVAILABLE,lotto1,15,0,15,0,2035-01-31
6532,3121970173352,"KB Orchidee ml 250",6532,,VITHALGARDENAVAILABLE,VITHALGARDENAVAILABLE,10422,5,0,5,0,2035-01-31
CM001,8023868005750,"KB Agrumi 1 L",CM001,,VITHALGARDENAVAILABLE,VITHALGARDENAVAILABLE,lotto1,15,0,15,0,2035-01-31
6403,3121970186161,"KB Concime Performance Organics Universale gr 700",6403,,VITHALGARDENAVAILABLE,VITHALGARDENAVAILABLE,lotto1,30,0,30,0,2035-01-31
6409,3121970186208,"KB Concime Performance Organics Orticole gr 700",6409,,VITHALGARDENAVAILABLE,VITHALGARDENAVAILABLE,,0,0,0,0,
6095,3121970186420,"KB Cactus e Bonsai NF ml 250",6095,,VITHALGARDENAVAILABLE,VITHALGARDENAVAILABLE,,0,0,0,0,
6404,3121970186185,"KB Concime Performance Organics Agrumi e Piante Mediterranee gr 700",6404,,VITHALGARDENAVAILABLE,VITHALGARDENAVAILABLE,15179,23,0,23,0,2035-02-20
TO003,8023868005873,"KB Rodenticida in Grani g 150",TO003,,VITHALGARDENAVAILABLE,VITHALGARDENAVAILABLE,T215070,0,0,0,0,2023-07-31
TO003,8023868005873,"KB Rodenticida in Grani g 150",TO003,,VITHALGARDENSCRAPING,VITHALGARDENSCRAPING,T215070,17,0,17,0,2023-07-31
IUN01,8023868005132,"KB Integratore Universale (6x35ml)",IUN01,,VITHALGARDENAVAILABLE,VITHALGARDENAVAILABLE,lotto1,9,0,9,0,2035-01-31
GT036,3353090099841,"MAXGRIP tg 09",GT036,,VITHALGARDENAVAILABLE,VITHALGARDENAVAILABLE,lotto1,13,0,13,0,2035-01-31
GT132,3353090111796,"LISON tg 6/8 - Linea Bambini",GT132,,VITHALGARDENAVAILABLE,VITHALGARDENAVAILABLE,Lotto1,2,0,2,0,2035-01-31
6089,3121970186307,"KB Concime Universale NF Lt 1",6089,,VITHALGARDENAVAILABLE,VITHALGARDENAVAILABLE,lotto1,60,0,60,0,2035-01-31
GT039,3353090083963,"MAXIMA H tg 08",GT039,,VITHALGARDENAVAILABLE,VITHALGARDENAVAILABLE,lotto1,14,0,14,0,2035-01-31
GT131,3353090111789,"LISON tg 4/6 - Linea Bambini",GT131,,VITHALGARDENAVAILABLE,VITHALGARDENAVAILABLE,45,24,0,24,0,2030-12-31
KRUST35,3121970179552,"KB Rustico g 875",KRUST35,,VITHALGARDENAVAILABLE,VITHALGARDENAVAILABLE,lotto1,20,0,20,0,2035-05-30
KREGFAC100,3121970179538,"KB Ripara e risemina Kg 2",KREGFAC100,,VITHALGARDENAVAILABLE,VITHALGARDENAVAILABLE,Lotto1,14,0,14,0,2035-01-31
6096,3121970173376,"KB Universale NF ml 250",6096,,VITHALGARDENAVAILABLE,VITHALGARDENAVAILABLE,17021,232,0,232,0,2035-01-31
KDNES35,3121970179514,"KB Ultra Folto g 875",KDNES35,,VITHALGARDENAVAILABLE,VITHALGARDENAVAILABLE,DK22DT2639,28,0,28,0,2035-05-30
6241,3121970150384,"KB Lucidante Fogliare 600 ml",6241,,VITHALGARDENAVAILABLE,VITHALGARDENAVAILABLE,V10423,32,0,32,0,2035-05-30
KRESI40,312197017355002,"KB Resistente al calpestio Kg 1",KRESI40,,VITHALGARDENAVAILABLE,VITHALGARDENAVAILABLE,lotzo1,10,0,10,0,2035-05-30
KOMBR28,312197017361102,"KB Prato Ombra Kg 1",KOMBR28,,VITHALGARDENAVAILABLE,VITHALGARDENAVAILABLE,DK22DT2285A,20,0,20,0,2032-03-30
TO001,8023868005835,"KB Rodenticida in Pasta g 150",TO001,,VITHALGARDENSCRAPING,VITHALGARDENSCRAPING,T225671,46,0,46,0,2022-11-30
TO001,8023868005835,"KB Rodenticida in Pasta g 150",TO001,,VITHALGARDENSCRAPING,VITHALGARDENSCRAPING,T214985,30,0,30,0,2021-05-31
6401,3121970186123,"Kb Combineo Piante ml 800",6401,,VITHALGARDENAVAILABLE,VITHALGARDENAVAILABLE,,0,0,0,0,
4466,3121970128642,"KB Bastoncini Piante Fiorite 40 pz 34 g",4466,,VITHALGARDENAVAILABLE,VITHALGARDENAVAILABLE,,0,0,0,0,
SM002,8023868006283,"Kb Dichondra repens g 100",SM002,,VITHALGARDENAVAILABLE,VITHALGARDENAVAILABLE,Lotto1,77,0,77,0,2035-01-31
B45700,8006933069291,"MINI SERRA LARGE",B45700,,VITHALGARDENAVAILABLE,VITHALGARDENAVAILABLE,B45700,8,0,8,0,2035-01-31
HFA1,8023868004128,"KB Hydrofood Agrumi gr 400",HFA1,,VITHALGARDENAVAILABLE,VITHALGARDENAVAILABLE,C2211878,56,0,56,0,2033-01-31
CM024,8023868007815,"Kb Mantenimento Kg 5 (cartone)",CM024,,VITHALGARDENAVAILABLE,VITHALGARDENAVAILABLE,lozto1,4,0,4,0,2035-05-30
6028,3121970158854,"KB Rinverdente KB 200 ml",6028,,VITHALGARDENAVAILABLE,VITHALGARDENAVAILABLE,lotto1,68,0,68,0,2035-01-31
6078,3121970158991,"KB Concime Rose (S) 800 gr",6078,,VITHALGARDENAVAILABLE,VITHALGARDENAVAILABLE,6078,104,0,104,0,2028-02-13
B45203,8006933069314,"MINI SERRA SMALL",B45203,,VITHALGARDENAVAILABLE,VITHALGARDENAVAILABLE,lotto1,8,0,8,0,2035-01-31
X600401,8006933058608,"Irri-go Plus Piante Verdi ml 1000",X600401,,VITHALGARDENAVAILABLE,VITHALGARDENAVAILABLE,LC232205,267,0,267,0,2035-02-28
SM003,8023868007952,"Kb Dichondra repens g 250",SM003,,VITHALGARDENAVAILABLE,VITHALGARDENAVAILABLE,lotto1,16,0,16,0,2026-05-30
SM003,8023868007952,"Kb Dichondra repens g 250",SM003,,VITHALGARDENAVAILABLE,VITHALGARDENAVAILABLE,45,30,0,30,0,2027-12-31
GT046,3353090100011,"MAXTOP tg 09",GT046,,VITHALGARDENAVAILABLE,VITHALGARDENAVAILABLE,lotto1,10,0,10,0,2035-01-31
6391,3121970164404,"Kb BioPolysect SL ml 100",6391,,VITHALGARDENAVAILABLE,VITHALGARDENAVAILABLE,lotto1,16,0,16,0,2035-01-31
6366,3121970169201,"Naturen Sangue Secco Kg 1",6366,,VITHALGARDENAVAILABLE,VITHALGARDENAVAILABLE,F18317,55,0,55,0,2035-01-31
6343,3121970168525,"Naturen Estratto d Ortica Lt 1",6343,,VITHALGARDENAVAILABLE,VITHALGARDENAVAILABLE,lotto1,64,0,64,0,2035-01-31
6951,3121970142945,"Nexa Trappola Scarafaggi 1 x  5 pz",6951,,VITHALGARDENSCRAPING,VITHALGARDENSCRAPING,009356,28,0,28,0,2022-02-03
E0081,8006933025815,"POMODORO CILIEGINO",E0081,,VITHALGARDENAVAILABLE,VITHALGARDENAVAILABLE,lot1,17,0,17,0,2029-03-15
SP005,8023868006344,"Nexa Insetti Striscianti (senza insetticida) ml 500",SP005,,VITHALGARDENAVAILABLE,VITHALGARDENAVAILABLE,19318,79,0,79,0,2035-01-31
6354,3121970169164,"Naturen Bastoncini Nutritivi 20 pz",6354,,VITHALGARDENAVAILABLE,VITHALGARDENAVAILABLE,lotto1,45,0,45,0,2035-01-31
SP001,8023868005712,"Naturen Barriera per Lumache Kg 2",SP001,,VITHALGARDENAVAILABLE,VITHALGARDENAVAILABLE,lotto1,43,0,43,0,2035-01-31
6018,3121970191547,"Naturen Aceto Diserbante Multiuso Lt 5",6018,,VITHALGARDENAVAILABLE,VITHALGARDENAVAILABLE,lot1,20,0,20,0,2034-03-31
PM012,8023868007396,"Nexa Zanzare ml 250",PM012,,VITHALGARDENAVAILABLE,VITHALGARDENAVAILABLE,lot1,32,0,32,0,2026-01-31
IT6163,3121970149272,"Prem. Substrato KB Acidofile 20L",IT6163,,VITHALGARDENAVAILABLE,VITHALGARDENAVAILABLE,lotto1,18,0,18,0,2035-05-30
SEOSCIT,3121970182842,"Osmocote Agrumi 750 gr",SEOSCIT,,VITHALGARDENAVAILABLE,VITHALGARDENAVAILABLE,lotto1,26,0,26,0,2035-01-31
6029,3121970196481,"Nexa Formiche Granuli Solubili g 800 - NUOVO",6029,,VITHALGARDENAVAILABLE,VITHALGARDENAVAILABLE,lot1,22,0,22,0,2026-03-31
82065,8002840820659,"Respira Candela Mela & Cannella",82065,,VITHALGARDENAVAILABLE,VITHALGARDENAVAILABLE,LOTTO1,14,0,14,0,2035-01-31
6386,3121970169263,"Naturen Trappole Adesive Gialle pz 7",6386,,VITHALGARDENAVAILABLE,VITHALGARDENAVAILABLE,LOTTO1,3,0,3,0,2035-01-31
IT6165BIS,3121970149296,"Prem. Substrato Tapp.Erb. 45L",IT6165BIS,,VITHALGARDENAVAILABLE,VITHALGARDENAVAILABLE,lotto1,11,0,11,0,2035-05-30
SEOSROS,3121970182866,"Osmocote Piante Fiorite g 750",SEOSROS,,VITHALGARDENAVAILABLE,VITHALGARDENAVAILABLE,lotto1,38,0,38,0,2035-05-30
16765,8034052716765,"PORTAZAMPIRONE IN METALLO H.17X16X15CM ASSORTITO",16765,,VITHALGARDENAVAILABLE,VITHALGARDENAVAILABLE,lotto1,15,0,15,0,2035-01-31
GT063,3353090089811,"PROTECTMAX tg 10",GT063,,VITHALGARDENAVAILABLE,VITHALGARDENAVAILABLE,lotto1,12,0,12,0,2035-01-31
BC003,8023868008737,"Nexa Giardino RTU 750 ml",BC003,,VITHALGARDENAVAILABLE,VITHALGARDENAVAILABLE,lot1,16,0,16,0,2025-07-20
E0089,8006933025891,"PREZZEMOLO COMUNE",E0089,,VITHALGARDENAVAILABLE,VITHALGARDENAVAILABLE,lot1,14,0,14,0,2027-12-31
IT6005,3121970147483,"Prem. Substrato KB Rinvaso 45L",IT6005,,VITHALGARDENAVAILABLE,VITHALGARDENAVAILABLE,lotto1,14,0,14,0,2035-01-31
NSACPR02,3121970178609,"Naturen Kit Ripristino per Processionaria del Pino",NSACPR02,,VITHALGARDENAVAILABLE,VITHALGARDENAVAILABLE,lotto1,23,0,23,0,2035-01-31
BC001,8023868005668,"Nexa Zanzare RTU 750 ml",BC001,,VITHALGARDENAVAILABLE,VITHALGARDENAVAILABLE,lotto1,29,0,29,0,2035-01-31
6547,3121970173451,"Naturen Concime Aromatiche Lt 1",6547,,VITHALGARDENAVAILABLE,VITHALGARDENAVAILABLE,lot1,36,0,36,0,2030-12-31
6870,3121970169447,"Naturen Corno Torrefatto Kg 1",6870,,VITHALGARDENAVAILABLE,VITHALGARDENAVAILABLE,lot1,70,0,70,0,2030-12-31
PM004,8023868005958,"Nexa  DEADYNA ml 100",PM004,,VITHALGARDENAVAILABLE,VITHALGARDENAVAILABLE,45,13,0,13,0,2027-12-31
PM014,8023868007419,"Nexa Zanzare ml 1000",PM014,,VITHALGARDENAVAILABLE,VITHALGARDENAVAILABLE,lotto1,7,0,7,0,2035-01-31
E0413,8006933056390,"PAPAVERO PAEONIFLORUM DOPPIO IN MISCUGLIO",E0413,,VITHALGARDENAVAILABLE,VITHALGARDENAVAILABLE,Lotto1,15,0,15,0,2035-01-31
E0464,8006933073656,"PEPERONCINO ORNAMENTALE",E0464,,VITHALGARDENAVAILABLE,VITHALGARDENAVAILABLE,lot1,18,0,18,0,2026-12-31
E0076,8006933025761,"PEPERONCINO PICCANTE DI CAYENNA",E0076,,VITHALGARDENAVAILABLE,VITHALGARDENAVAILABLE,lot1,9,0,9,0,2029-02-13
E0246,8006933027932,"PETUNIA IBRIDA PENDULA IN MISCUGLIO",E0246,,VITHALGARDENAVAILABLE,VITHALGARDENAVAILABLE,lot1,15,0,15,0,2030-02-16
E0220,8006933027673,"PIANTE CACTACEE",E0220,,VITHALGARDENAVAILABLE,VITHALGARDENAVAILABLE,lot1,19,0,19,0,2030-02-16
E0156,8006933027024,PORTULACA,E0156,,VITHALGARDENAVAILABLE,VITHALGARDENAVAILABLE,lot1,4,0,4,0,2036-02-16
E0261,8006933028083,"PRATO GIAPPONESE ALTO IN MISCUGLIO",E0261,,VITHALGARDENAVAILABLE,VITHALGARDENAVAILABLE,lot1,17,0,17,0,2029-03-15
E0196,8006933027437,"PRATO GIAPPONESE NANO IN MISCUGLIO",E0196,,VITHALGARDENAVAILABLE,VITHALGARDENAVAILABLE,,0,0,0,0,
GT048,3353090015414,"NERINE tg 06",GT048,,VITHALGARDENAVAILABLE,VITHALGARDENAVAILABLE,lotto1,20,0,20,0,2035-01-31
GT049,3353090015421,"NERINE tg 07",GT049,,VITHALGARDENAVAILABLE,VITHALGARDENAVAILABLE,lotto1,19,0,19,0,2035-01-31
GT055,3353090089514,"ONE4ALL tg 08",GT055,,VITHALGARDENAVAILABLE,VITHALGARDENAVAILABLE,lotto1,14,0,14,0,2035-01-31
6981,3121970154771,"Nexa Insetti Striscianti e Volanti 750 ml",6981,,VITHALGARDENAVAILABLE,VITHALGARDENAVAILABLE,L23,36,0,36,0,2034-04-30
6365,3121970169188,"Naturen Attivatore di Compostaggio Kg 1,5",6365,,VITHALGARDENAVAILABLE,VITHALGARDENAVAILABLE,lotto1,44,0,44,0,2035-01-31
B80430,8006933071140,"MINISERRA + 24 PASTIGLIE IN COCCO CON RETE ? 3,5 CM",B80430,,VITHALGARDENAVAILABLE,VITHALGARDENAVAILABLE,lotto1,10,0,10,0,2035-01-31
SEOSTAB,3121970182903,"Osmocote Tabs g 110 (25 tabs)",SEOSTAB,,VITHALGARDENAVAILABLE,VITHALGARDENAVAILABLE,lotto1,41,0,41,0,2035-01-31
PM015,8023868007426,"Nexa Insetti Molesti ml 250",PM015,,VITHALGARDENAVAILABLE,VITHALGARDENAVAILABLE,lotto1,51,0,51,0,2035-01-31
IT7072,8023868004074,"Prem. Substrato KB Orchidee 10L",IT7072,,VITHALGARDENAVAILABLE,VITHALGARDENAVAILABLE,lotto1,8,0,8,0,2035-01-31
SEOSHOR,3121970182828,"Osmocote Ortensie, Rododendri, Azalee, Camelie 750 gr",SEOSHOR,,VITHALGARDENAVAILABLE,VITHALGARDENAVAILABLE,lotto1,27,0,27,0,2035-01-31
IT6150,3121970133554,"Prem. Substrato KB Piante Grasse 5L",IT6150,,VITHALGARDENAVAILABLE,VITHALGARDENAVAILABLE,lotto1,9,0,9,0,2035-01-31
CAR05,3121970149364,"Naturen Granulare Organico Pellettato 5 Kg (Cartone)",CAR05,,VITHALGARDENAVAILABLE,VITHALGARDENAVAILABLE,lotto1,18,0,18,0,2023-01-31
CAR05,3121970149364,"Naturen Granulare Organico Pellettato 5 Kg (Cartone)",CAR05,,VITHALGARDENAVAILABLE,VITHALGARDENAVAILABLE,lotto2,13,0,13,0,2035-01-31
CM003,8023868006207,"Naturen Lupini Macinati g 750",CM003,,VITHALGARDENAVAILABLE,VITHALGARDENAVAILABLE,FAD22,52,0,52,0,2035-01-31
IT6158,3121970149227,"Prem. Substrato KB Univ. 20L",IT6158,,VITHALGARDENAVAILABLE,VITHALGARDENAVAILABLE,lotto1,25,0,25,0,2035-05-30
IT7070,8023868004050,"Prem. Substrato KB Agrumi 45L",IT7070,,VITHALGARDENAVAILABLE,VITHALGARDENAVAILABLE,lotto1,7,0,7,0,2035-05-30
IT6162,3121970149265,"Prem. Substrato KB Piante Fiorite 45L",IT6162,,VITHALGARDENAVAILABLE,VITHALGARDENAVAILABLE,lotto1,10,3,7,0,2035-05-30
IT6164,3121970149289,"Prem. Substrato KB Acidofile 45L",IT6164,,VITHALGARDENAVAILABLE,VITHALGARDENAVAILABLE,lotto1,30,0,30,0,2035-05-30
CM004,8023868006221,"Naturen Lupini Macinati Kg 2",CM004,,VITHALGARDENAVAILABLE,VITHALGARDENAVAILABLE,FA23/24,19,0,19,0,2035-01-31
6304,3121970178234,"Nexa Zanzare e Insetti Volanti (senza insetticida) ml 500",6304,,VITHALGARDENAVAILABLE,VITHALGARDENAVAILABLE,L01,29,0,29,0,2035-01-31
SENORTIPAL,3121970179453,"Naturen Estratto d Ortica RTU ml 750",SENORTIPAL,,VITHALGARDENAVAILABLE,VITHALGARDENAVAILABLE,156/21,28,0,28,0,2035-01-31
82024,8002840820246,"RESPIRA CLASS FLORAL",82024,,VITHALGARDENAVAILABLE,VITHALGARDENAVAILABLE,lotto1,60,0,60,0,2035-01-31
82078,"8 002840 820789","Respira Candela Giara Mandarino & Zenzero",82078,,VITHALGARDENAVAILABLE,VITHALGARDENAVAILABLE,,0,0,0,0,
SP004,8023868006320,"Nexa Cimici dei Letti (senza insetticida) ml 500",SP004,,VITHALGARDENAVAILABLE,VITHALGARDENAVAILABLE,19319,89,0,89,0,2035-01-31
GT059,3353090078518,"PROSPER tg 3/6 - Linea Bambini",GT059,,VITHALGARDENAVAILABLE,VITHALGARDENAVAILABLE,,0,0,0,0,
6865,3121970169348,"Naturen Concime per Frutti g 750",6865,,VITHALGARDENAVAILABLE,VITHALGARDENAVAILABLE,F18012,40,0,40,0,2035-01-31
GT056,3353090089521,"ONE4ALL tg 09",GT056,,VITHALGARDENAVAILABLE,VITHALGARDENAVAILABLE,lotto1,5,0,5,0,2035-01-31
NPROCES2,3121970178463,"Naturen Trappola per Processionaria del Pino",NPROCES2,,VITHALGARDENAVAILABLE,VITHALGARDENAVAILABLE,lotto1,20,0,20,0,2035-05-30
BC004,8023868012284,"Nexa Ultra-insetticida ml 250",BC004,,VITHALGARDENAVAILABLE,VITHALGARDENAVAILABLE,C20E24,115,0,115,0,2035-01-31
6390,3121970164381,"Naturen BioPolysect AL ml 800",6390,,VITHALGARDENAVAILABLE,VITHALGARDENAVAILABLE,L23,28,0,28,0,2033-05-30
GT050,3353090015438,"NERINE tg 08",GT050,,VITHALGARDENAVAILABLE,VITHALGARDENAVAILABLE,lotto1,10,0,10,0,2035-01-31
82077,"8 002840 820772","Respira Candela Giara Frutti di Bosco",82077,,VITHALGARDENAVAILABLE,VITHALGARDENAVAILABLE,,0,0,0,0,
82079,"8 002840 820796","Respira Candela Giara Mela & Cannella",82079,,VITHALGARDENAVAILABLE,VITHALGARDENAVAILABLE,,0,0,0,0,
PM018,8023868007686,"Nexa Esca Scarafaggi (6 pz)",PM018,,VITHALGARDENAVAILABLE,VITHALGARDENAVAILABLE,lotto1,6,0,6,0,2035-05-30
6017,3121970191202,"Naturen Aceto Diserbante Multiuso Lt 1",6017,,VITHALGARDENAVAILABLE,VITHALGARDENAVAILABLE,L25,16,0,16,0,2033-02-27
PM019,8023868008805,"Nexa Insetticida ml 250",PM019,,VITHALGARDENAVAILABLE,VITHALGARDENAVAILABLE,lozzo1,24,0,24,0,2035-05-30
6060,3121970196542,"Nexa Formiche Gel g 10 - NUOVO",6060,,VITHALGARDENAVAILABLE,VITHALGARDENAVAILABLE,Lotto1,21,0,21,0,2035-01-31
82067,"8 002840 820673","Respira Candela Fiori di Cotone",82067,,VITHALGARDENAVAILABLE,VITHALGARDENAVAILABLE,,0,0,0,0,
6866,3121970169461,"Naturen Concime Rose e Arbusti g 750",6866,,VITHALGARDENAVAILABLE,VITHALGARDENAVAILABLE,F19086,95,0,95,0,2029-03-27
TE005,8023868006405,"Prem. Substrato KB Agrumi 20L",TE005,,VITHALGARDENAVAILABLE,VITHALGARDENAVAILABLE,lotto1,14,0,14,0,2035-05-30
IT6161,3121970149258,"Prem. Substrato KB Piante Fiorite 20L",IT6161,,VITHALGARDENAVAILABLE,VITHALGARDENAVAILABLE,lotto1,17,0,17,0,2035-05-30
IT6159,3121970149234,"Prem. Substrato KB Univ. 45L",IT6159,,VITHALGARDENAVAILABLE,VITHALGARDENAVAILABLE,looto1,23,0,23,0,2035-05-30
6868,3121970169362,"Naturen Concime Agrumi e Piante Mediterranee g 750",6868,,VITHALGARDENAVAILABLE,VITHALGARDENAVAILABLE,lotto1,49,0,49,0,2035-01-31
6867,3121970169485,"Naturen Concime Ortensie e Acidofile g 750",6867,,VITHALGARDENAVAILABLE,VITHALGARDENAVAILABLE,lotto1,73,0,73,0,2035-01-31
82066,8002840820666,"Respira Candela Frutti di Bosco",82066,,VITHALGARDENAVAILABLE,VITHALGARDENAVAILABLE,20250213,14,0,14,0,2028-02-01
GT060,3353090089781,"PROTECTMAX tg 07",GT060,,VITHALGARDENAVAILABLE,VITHALGARDENAVAILABLE,20250213,14,0,14,0,2028-02-01
IT6200,8023868004678,"Prem. Substrato KB Ortaggi 45L",IT6200,,VITHALGARDENAVAILABLE,VITHALGARDENAVAILABLE,L1,47,0,47,0,2028-02-13
GT061,3353090089798,"PROTECTMAX tg 08",GT061,,VITHALGARDENAVAILABLE,VITHALGARDENAVAILABLE,L1,12,0,12,0,2028-02-13
82020,8002840820208,"RESPIRA CLASS PARFUME DE LAVANDE",82020,,VITHALGARDENAVAILABLE,VITHALGARDENAVAILABLE,L1,64,0,64,0,2028-02-13
82060,8002840820604,"Respira Candela Profumata Vaniglia",82060,,VITHALGARDENAVAILABLE,VITHALGARDENAVAILABLE,20250213,16,0,16,0,2028-02-01
GT062,3353090089804,"PROTECTMAX tg 09",GT062,,VITHALGARDENAVAILABLE,VITHALGARDENAVAILABLE,L1,9,0,9,0,2028-02-13
82022,8002840820222,"RESPIRA CLASS AQUA",82022,,VITHALGARDENAVAILABLE,VITHALGARDENAVAILABLE,L1,62,0,62,0,2028-02-13
PM013,8023868007402,"Nexa Zanzare ml 500",PM013,,VITHALGARDENAVAILABLE,VITHALGARDENAVAILABLE,,0,0,0,0,
PM020,8023868008812,"Nexa Insetticida ml 1000",PM020,,VITHALGARDENAVAILABLE,VITHALGARDENAVAILABLE,lotto1,15,0,15,0,2035-01-31
6052,3121970197532,"Nexa Formiche Granuli Solubili g 250 - NUOVO",6052,,VITHALGARDENAVAILABLE,VITHALGARDENAVAILABLE,lotto1,60,0,60,0,2035-01-31
6305,3121970178258,"Nexa Larve di Zanzara - capsule solubili (30 caps)",6305,,VITHALGARDENSCRAPING,VITHALGARDENSCRAPING,lotto1,59,0,59,0,2021-02-28
IT6162,3121970149265,"Prem. Substrato KB Piante Fiorite 45L",IT6162,,VITHALGARDENSCRAPING,VITHALGARDENSCRAPING,lotto1,3,0,3,0,2035-05-30
IT7070,8023868004050,"Prem. Substrato KB Agrumi 45L",IT7070,,VITHALGARDENSCRAPING,VITHALGARDENSCRAPING,lotto1,2,0,2,0,2035-05-30
6110,3121970196757,"Nexa Formiche Esca  2 x 10 gr - NUOVO",6110,,VITHALGARDENAVAILABLE,VITHALGARDENAVAILABLE,1372478B,113,0,113,0,2026-05-31
SEOSUNI,3121970182804,"Osmocote Universale 750 gr",SEOSUNI,,VITHALGARDENAVAILABLE,VITHALGARDENAVAILABLE,03522,53,0,53,0,2035-01-31
B11103,8006933069321,"MINISERRA + 10 PASTIGLIE IN COCCO CON RETE ? 3,6 CM",B11103,,VITHALGARDENAVAILABLE,VITHALGARDENAVAILABLE,lotto1,19,0,19,0,2035-01-31
X422002,8006933077982,"PIRETRO RTU ml 750",X422002,,VITHALGARDENAVAILABLE,VITHALGARDENAVAILABLE,BG-350405,35,0,35,0,2033-12-14
GT128,3353090111390,"PLANT tg 9",GT128,,VITHALGARDENAVAILABLE,VITHALGARDENAVAILABLE,54,26,0,26,0,2030-12-31
6864,3121970169324,"Naturen Concime Ortaggi & Aromatiche g 750",6864,,VITHALGARDENAVAILABLE,VITHALGARDENAVAILABLE,lotto1,43,0,43,0,2035-01-31
6869,3121970169409,"Naturen Sapone Molle a base di Olio di Oliva ml 750",6869,,VITHALGARDENAVAILABLE,VITHALGARDENAVAILABLE,lotto1,58,0,58,0,2035-01-31
BC002,8023868005644,"Nexa Scarafaggi siringa gr 5",BC002,,VITHALGARDENAVAILABLE,VITHALGARDENAVAILABLE,lotto1,54,0,54,0,2035-01-31
28234,8034052328234,"RICARICA PER DIFFUSORE DI ESSENZA FRUTTI DI BOSCO ml 500",28234,,VITHALGARDENAVAILABLE,VITHALGARDENAVAILABLE,lotto1,6,0,6,0,2035-01-31
64705,8008090604209,"SPIRA GREEN BIUSO BASE",64705,,VITHALGARDENAVAILABLE,VITHALGARDENAVAILABLE,lot1,6,0,6,0,2035-03-15
81522,8008090607323,"SPIRA GREEN BODY NATURAL CARE Cerottini Citronella",81522,,VITHALGARDENAVAILABLE,VITHALGARDENAVAILABLE,0000093,96,0,96,0,2028-02-13
10254,8008090044012,"SPIRA PIASTRINE sf.",10254,,VITHALGARDENAVAILABLE,VITHALGARDENAVAILABLE,lot1,90,0,90,0,2029-02-13
10132,8008090021013,"SPIRA ELETTROEMANATORE+10 PSTR sf. (termato a 4)",10132,,VITHALGARDENAVAILABLE,VITHALGARDENAVAILABLE,45,108,0,108,0,2030-01-31
GT077,3353090099803,"SOULDIER H tg 08",GT077,,VITHALGARDENAVAILABLE,VITHALGARDENAVAILABLE,20250213,9,0,9,0,2028-02-10
00365,8034052800365,"SET 3 VASI IN CEMENTO DIAM.19X17.5CM / DIAM.15.5X15CM / DIAM.12X12CM",00365,,VITHALGARDENAVAILABLE,VITHALGARDENAVAILABLE,lotto1,1,0,1,0,2035-01-31
96872,8056001096872,"RICARICA x DIFFUSORE DI ESSENZA VANIGLIA e RUM ml 500",96872,,VITHALGARDENAVAILABLE,VITHALGARDENAVAILABLE,lotto1,7,0,7,0,2035-01-31
28203,8034052328203,"RICARICA PER DIFFUSORE DI ESSENZA EUCALIPTO ml 500",28203,,VITHALGARDENAVAILABLE,VITHALGARDENAVAILABLE,lotto1,4,0,4,0,2035-01-31
28128,8034052328128,"RICARICA x DIFFUSORE DI ESSENZA OLIO di ARGAN ml 500",28128,,VITHALGARDENAVAILABLE,VITHALGARDENAVAILABLE,lotto1,6,0,6,0,2035-01-31
25633,8034052525633,"VASO DA APPENDERE ""BAZAR"" H.80XDIAM.23 CM ASSORTITO",25633,,VITHALGARDENAVAILABLE,VITHALGARDENAVAILABLE,Lotton27911025,18,0,18,0,2035-02-20
GT067,3353090089651,"ROOTS tg 10",GT067,,VITHALGARDENAVAILABLE,VITHALGARDENAVAILABLE,20250213,10,0,10,0,2028-02-01
54038,8008090602908,"SPIRA ANTI TARME ALIMENTARE",54038,,VITHALGARDENAVAILABLE,VITHALGARDENAVAILABLE,L1,163,0,163,0,2028-02-13
25632,8034052225632,"Sassi grandi per decorazione colore bianco gr 1000",25632,,VITHALGARDENAVAILABLE,VITHALGARDENAVAILABLE,lotto1,48,0,48,0,2035-01-31
34884,8034052334884,"TAGLIERE IN LEGNO NATURALE 28X28XH.2,5CM",34884,,VITHALGARDENAVAILABLE,VITHALGARDENAVAILABLE,lotto1,11,0,11,0,2035-01-31
GT078,3353090099810,"SOULDIER H tg 09",GT078,,VITHALGARDENAVAILABLE,VITHALGARDENAVAILABLE,lotto1,10,0,10,0,2035-01-31
10588,8008090071100,"SPIRA ROTOLINI ANTIMOSCHE sf.",10588,,VITHALGARDENAVAILABLE,VITHALGARDENAVAILABLE,lotto1,76,0,76,0,2025-11-18
28982,8034052328982,"RICARICA PER DIFFUSORE DI ESSENZA ROSSO PASSIONE ml 500",28982,,VITHALGARDENAVAILABLE,VITHALGARDENAVAILABLE,lotto1,26,0,26,0,2035-01-31
86247,8008090607637,"SPIRA ROTOLONE PRENDI MOSCHE",86247,,VITHALGARDENAVAILABLE,VITHALGARDENAVAILABLE,018/21,42,0,42,0,2035-01-31
82040,8002840820406,"RESPIRA FLEURS LAVANDA IN FIORE",82040,,VITHALGARDENAVAILABLE,VITHALGARDENAVAILABLE,12512,53,0,53,0,2035-01-31
GT080,3353090620076,"SNITRILE tg 07",GT080,,VITHALGARDENAVAILABLE,VITHALGARDENAVAILABLE,lotto1,15,0,15,0,2035-01-31
GT093,3353090099957,"ROSERAIE tg 07",GT093,,VITHALGARDENAVAILABLE,VITHALGARDENAVAILABLE,lotto,10,0,10,0,2035-01-31
GT074,3353090099773,"SOULDIER F tg 06",GT074,,VITHALGARDENAVAILABLE,VITHALGARDENAVAILABLE,Iotto1,30,0,30,0,2035-01-31
GT075,3353090099827,"SOULDIER F tg 07",GT075,,VITHALGARDENAVAILABLE,VITHALGARDENAVAILABLE,lotto1,10,0,10,0,2035-01-31
GT097,3353090100400,"SOLIDO tg 08",GT097,,VITHALGARDENAVAILABLE,VITHALGARDENAVAILABLE,LOTTO1,9,0,9,0,2035-01-31
GT097,3353090100400,"SOLIDO tg 08",GT097,,VITHALGARDENSCRAPING,VITHALGARDENSCRAPING,LOTTO1,1,0,1,0,2035-01-31
IT6152,3121970133523,"Terriccio Argilla ES 10L",IT6152,,VITHALGARDENAVAILABLE,VITHALGARDENAVAILABLE,lotto1,7,0,7,0,2035-01-31
09152,8056001109152,"SET 3 VASI FIORI IN CERAMICA DIAM.16,5XH.16,5CM,  DIAM.13,5XH.13,5CM,DIA",09152,,VITHALGARDENAVAILABLE,VITHALGARDENAVAILABLE,Lotton25231013,6,0,6,0,2035-02-20
28999,803405232898202,"RICARICA PER DIFFUSORE DI ESSENZA ROSSO DIVINO ml 500",28999,,VITHALGARDENAVAILABLE,VITHALGARDENAVAILABLE,lotto1,11,0,11,0,2035-01-31
24356,8034052424356,"RICARICA PER DIFFUSORE DI ESSENZA BOUGANVILLE E TALCO ml 500",24356,,VITHALGARDENAVAILABLE,VITHALGARDENAVAILABLE,lotto1,4,0,4,0,2035-01-31
GT089,3353090073346,"RONCIER tg 08",GT089,,VITHALGARDENAVAILABLE,VITHALGARDENAVAILABLE,Lotto1,10,0,10,0,2035-01-31
GT090,3353090073353,"RONCIER tg 09",GT090,,VITHALGARDENAVAILABLE,VITHALGARDENAVAILABLE,lot1,5,0,5,0,2039-02-13
GT092,3353090073377,"RONCIER tg 11",GT092,,VITHALGARDENAVAILABLE,VITHALGARDENAVAILABLE,lot1,10,0,10,0,2040-12-31
76159,8008090606951,"SPIRA BABY HELLO KITTY LOZ. REPELLENTE NATURALE 100 ML",76159,,VITHALGARDENAVAILABLE,VITHALGARDENAVAILABLE,9095,86,0,86,0,2028-02-13
76157,8008090606937,"SPIRA BABY HELLO KITTY PENNA GEL DOPOPUNTURA NAT. ml 20",76157,,VITHALGARDENAVAILABLE,VITHALGARDENAVAILABLE,19015,44,0,44,0,2028-02-13
86229,8008090607644,"SPIRA BIUSO",86229,,VITHALGARDENAVAILABLE,VITHALGARDENAVAILABLE,45,76,0,76,0,2027-12-31
81612,8008090607354,"SPIRA BODY NATURAL CARE BRACCIALETTO con 2 ricambi",81612,,VITHALGARDENAVAILABLE,VITHALGARDENAVAILABLE,lot1,81,0,81,0,2028-02-13
69642,8008090605053,"SPIRA BODY NATURAL CARE GEL DOPOPUNTURA",69642,,VITHALGARDENAVAILABLE,VITHALGARDENAVAILABLE,lot1,84,0,84,0,2028-03-12
47933,8008090602083,"SPIRA DOPO PUNTURA 20ml ROLL-ON",47933,,VITHALGARDENAVAILABLE,VITHALGARDENAVAILABLE,18007,96,0,96,0,2028-02-13
64708,8008090605718,"SPIRA GREEN BASTONCINI CITRONELLA 4 pz",64708,,VITHALGARDENAVAILABLE,VITHALGARDENAVAILABLE,lot1,13,0,13,0,2028-02-13
75985,8008090606890,"SPIRA GREEN COCCIO + 10 SPIRALI",75985,,VITHALGARDENAVAILABLE,VITHALGARDENAVAILABLE,1,61,0,61,0,2030-01-31
76043,8008090606913,"SPIRA GREEN ELETTROEMANATORE + 10 PIASTRINE",76043,,VITHALGARDENAVAILABLE,VITHALGARDENAVAILABLE,lot1,56,0,56,0,2029-02-13
64707,8008090604223,"SPIRA GREEN PIASTRINE",64707,,VITHALGARDENAVAILABLE,VITHALGARDENAVAILABLE,lot1,44,0,44,0,2028-02-13
65311,8008090604230,"SPIRA GREEN SPIRALI",65311,,VITHALGARDENAVAILABLE,VITHALGARDENAVAILABLE,l65311,33,0,33,0,2028-02-13
44859,8008090044005,"SPIRA PIASTRINE 2 PROFUMAZIONI TRMx6",44859,,VITHALGARDENAVAILABLE,VITHALGARDENAVAILABLE,03,112,0,112,0,2030-01-31
44859,8008090044005,"SPIRA PIASTRINE 2 PROFUMAZIONI TRMx6",44859,,VITHALGARDENAVAILABLE,VITHALGARDENAVAILABLE,lotto1,1,0,1,0,2035-01-31
75942,8008090606869,"SPIRA PIASTRINE ANTIZANZARE 10 pz",75942,,VITHALGARDENAVAILABLE,VITHALGARDENAVAILABLE,lot1,102,0,102,0,2029-02-13
54036,8008090602915,"SPIRA RICARICA LIQ x2. Sf.",54036,,VITHALGARDENAVAILABLE,VITHALGARDENAVAILABLE,lot1,97,0,97,0,2028-02-13
10663,8008090079151,"SPIRA RICARICA LIQ. Sf. (termato a 3 pezzi)",10663,,VITHALGARDENAVAILABLE,VITHALGARDENAVAILABLE,45,40,0,40,0,2030-01-31
26304,8008090063013,"SPIRA SPIRALETTE X24 sf.",26304,,VITHALGARDENAVAILABLE,VITHALGARDENAVAILABLE,45,95,0,95,0,2027-12-31
E0197,8006933027444,"TAGETE ALTO DOPPIO GIALLO",E0197,,VITHALGARDENAVAILABLE,VITHALGARDENAVAILABLE,lot1,19,0,19,0,2029-02-16
E0247,8006933027949,"TAGETE NANO DOPPIO ARANCIO",E0247,,VITHALGARDENAVAILABLE,VITHALGARDENAVAILABLE,Lotto1,19,0,19,0,2035-01-31
E0107,8006933026072,VALERIANA,E0107,,VITHALGARDENAVAILABLE,VITHALGARDENAVAILABLE,Lotto1,30,0,30,0,2027-01-31
SEM20,8023868005552,"Trifoglio nanissimo g 500",SEM20,,VITHALGARDENAVAILABLE,VITHALGARDENAVAILABLE,88/tac,25,0,25,0,2025-08-30
76312,8008090606906,"SPIRA GREEN DIFFUSORE SEQUOIA  ASSORTITO (GER. + LAV.)",76312,,VITHALGARDENAVAILABLE,VITHALGARDENAVAILABLE,9159,42,0,42,0,2035-01-31
76312,8008090606906,"SPIRA GREEN DIFFUSORE SEQUOIA  ASSORTITO (GER. + LAV.)",76312,,VITHALGARDENAVAILABLE,VITHALGARDENAVAILABLE,45,30,0,30,0,2027-12-31
GT101,3353090089934,"TRADITION tg 06",GT101,,VITHALGARDENAVAILABLE,VITHALGARDENAVAILABLE,lotto1,10,0,10,0,2035-01-31
82002,8002840820024,"RESPIRA SEQUOIA  AQUA",82002,,VITHALGARDENAVAILABLE,VITHALGARDENAVAILABLE,9197,41,0,41,0,2035-01-31
B33315,8006933069420,"STARTER KIT - VASETTI BIODEGRADABILI + PASTIGLIE DI COCCO",B33315,,VITHALGARDENAVAILABLE,VITHALGARDENAVAILABLE,lotto1,12,0,12,0,2035-01-31
82004,8002840820048,"RESPIRA SEQUOIA FLORAL",82004,,VITHALGARDENAVAILABLE,VITHALGARDENAVAILABLE,9197,61,0,61,0,2035-01-31
B33318,8006933069383,"VASETTI BIODEGRADABILI IN COCCO 6 CM IN STRIP (3 strip da 6 vasetti)",B33318,,VITHALGARDENAVAILABLE,VITHALGARDENAVAILABLE,lotto1,29,0,29,0,2035-01-31
47931,8008090602106,"SPIRA 12 FOGLIETTI ANTI TARME",47931,,VITHALGARDENAVAILABLE,VITHALGARDENAVAILABLE,lotto1,173,0,173,0,2035-01-31
82000,8002840820000,"RESPIRA SEQUOIA PARFUME DE LAVANDE",82000,,VITHALGARDENAVAILABLE,VITHALGARDENAVAILABLE,9193,56,0,56,0,2035-01-31
ITRUPA1,3121970194616,"Roundup RTU Lt 1",ITRUPA1,,VITHALGARDENAVAILABLE,VITHALGARDENAVAILABLE,lot1,19,0,19,0,2025-06-20
25618,8034052225618,"Sassi piccoli per decorazione colore bianco gr 1000",25618,,VITHALGARDENAVAILABLE,VITHALGARDENAVAILABLE,lotto1,35,0,35,0,2035-01-31
00334,8034052800334,"SET 3 VASI IN CEMENTO 18X18X17CM / 14.5X14.5X13.5CM / 11.5X11.5X11CM",00334,,VITHALGARDENAVAILABLE,VITHALGARDENAVAILABLE,,0,0,0,0,
GT103,3353090089958,"TRADITION tg 08",GT103,,VITHALGARDENAVAILABLE,VITHALGARDENAVAILABLE,lotto1,10,0,10,0,2035-01-31
GT104,3353090089965,"TRADITION tg 09",GT104,,VITHALGARDENAVAILABLE,VITHALGARDENAVAILABLE,lotto1,10,0,10,0,2035-01-31
GT100,3353090100431,"SOLIDO tg 11",GT100,,VITHALGARDENAVAILABLE,VITHALGARDENAVAILABLE,,0,0,0,0,
GT069,3353090073292,"SEQUOIA tg 07",GT069,,VITHALGARDENAVAILABLE,VITHALGARDENAVAILABLE,lotto1,10,0,10,0,2035-01-31
09176,8056001109176,"SET 3 VASI FIORI IN CERAMICA DIAM.16,5XH.16,5CM,  DIAM.13,5XH.13,5CM,DIA",09176,,VITHALGARDENAVAILABLE,VITHALGARDENAVAILABLE,Lotton25231013,2,0,2,0,2035-02-20
10614,8008090078116,"SPIRA BIUSO BASE S/INT sf.",10614,,VITHALGARDENAVAILABLE,VITHALGARDENAVAILABLE,420,144,0,144,0,2030-01-31
00555,8034052500555,"SET 2 LANTERNE IN LEGNO E METALLO (30X30XH.76 CM) (22X22X57 CM)",00555,,VITHALGARDENAVAILABLE,VITHALGARDENAVAILABLE,Lotto1,2,0,2,0,2035-01-31
28968,8034052328968,"RICARICA PER DIFFUSORE DI ESSENZA FRAGOLINO ml 500",28968,,VITHALGARDENAVAILABLE,VITHALGARDENAVAILABLE,lotto1,9,0,9,0,2035-01-31
GT096,3353090099988,"ROSERAIE tg 10",GT096,,VITHALGARDENAVAILABLE,VITHALGARDENAVAILABLE,lotto1,10,0,10,0,2035-05-30
GT072,3353090073322,"SEQUOIA tg 10",GT072,,VITHALGARDENAVAILABLE,VITHALGARDENAVAILABLE,L1,10,0,10,0,2028-02-13
GT068,3353090089668,"ROOTS tg 11",GT068,,VITHALGARDENAVAILABLE,VITHALGARDENAVAILABLE,20250213,10,0,10,0,2028-02-01
GT066,3353090089644,"ROOTS tg 09",GT066,,VITHALGARDENAVAILABLE,VITHALGARDENAVAILABLE,L1,5,0,5,0,2028-02-13
GT106,3353090089989,"TRADITION tg 11",GT106,,VITHALGARDENAVAILABLE,VITHALGARDENAVAILABLE,20250213,10,0,10,0,2028-02-01
GT102,3353090089941,"TRADITION tg 07",GT102,,VITHALGARDENAVAILABLE,VITHALGARDENAVAILABLE,20250213,10,0,10,0,2028-02-01
GT073,3353090073339,"SEQUOIA tg 11",GT073,,VITHALGARDENAVAILABLE,VITHALGARDENAVAILABLE,L1,10,0,10,0,2028-02-13
GT070,3353090073308,"SEQUOIA tg 08",GT070,,VITHALGARDENAVAILABLE,VITHALGARDENAVAILABLE,20250213,10,0,10,0,2028-02-01
GT094,3353090099964,"ROSERAIE tg 08",GT094,,VITHALGARDENAVAILABLE,VITHALGARDENAVAILABLE,L1,8,0,8,0,2028-02-13
GT082,3353090620090,"SNITRILE tg 09",GT082,,VITHALGARDENAVAILABLE,VITHALGARDENAVAILABLE,20250213,5,0,5,0,2028-02-01
GT081,3353090620083,"SNITRILE tg 08",GT081,,VITHALGARDENAVAILABLE,VITHALGARDENAVAILABLE,L1,15,0,15,0,2028-02-13
GT083,3353090620106,"SNITRILE tg 10",GT083,,VITHALGARDENAVAILABLE,VITHALGARDENAVAILABLE,L1,11,0,11,0,2028-02-13
82042,8002840820420,"RESPIRA FLEURS OCEANO",82042,,VITHALGARDENAVAILABLE,VITHALGARDENAVAILABLE,12432,32,0,32,0,2028-02-13
GT105,3353090089972,"TRADITION tg 10",GT105,,VITHALGARDENAVAILABLE,VITHALGARDENAVAILABLE,L1,9,0,9,0,2028-02-13
GT098,3353090100417,"SOLIDO tg 09",GT098,,VITHALGARDENAVAILABLE,VITHALGARDENAVAILABLE,L1,10,0,10,0,2028-02-13
GT095,3353090099971,"ROSERAIE tg 09",GT095,,VITHALGARDENAVAILABLE,VITHALGARDENAVAILABLE,L1,8,0,8,0,2028-02-13
GT091,3353090073360,"RONCIER tg 10",GT091,,VITHALGARDENAVAILABLE,VITHALGARDENAVAILABLE,L1,9,0,9,0,2028-02-13
GT099,3353090100424,"SOLIDO tg 10",GT099,,VITHALGARDENAVAILABLE,VITHALGARDENAVAILABLE,L1,8,0,8,0,2028-02-13
GT064,3353090089620,"ROOTS tg 07",GT064,,VITHALGARDENAVAILABLE,VITHALGARDENAVAILABLE,L1,3,0,3,0,2028-02-13
GT071,3353090073315,"SEQUOIA tg 09",GT071,,VITHALGARDENAVAILABLE,VITHALGARDENAVAILABLE,L1,8,0,8,0,2028-02-13
GT065,3353090089637,"ROOTS tg 08",GT065,,VITHALGARDENAVAILABLE,VITHALGARDENAVAILABLE,20250213,10,0,10,0,2028-02-01
GT088,3353090077139,"RONCIER tg 07",GT088,,VITHALGARDENAVAILABLE,VITHALGARDENAVAILABLE,L1,9,0,9,0,2028-02-13
70786,8008090605725,"SPIRA GREEN DIFFUSORE SEQUOIA CITRONELLA",70786,,VITHALGARDENAVAILABLE,VITHALGARDENAVAILABLE,45,4,0,4,0,2027-12-31
GT076,3353090099797,"SOULDIER F tg 08",GT076,,VITHALGARDENAVAILABLE,VITHALGARDENAVAILABLE,l1,29,0,29,0,2028-02-13
82006,8002840820444,"Respira Sequoia Mela & Cannella - Limited Edition",82006,,VITHALGARDENAVAILABLE,VITHALGARDENAVAILABLE,,0,0,0,0,
43643,8034052243643,"VASO IN CEMENTO CON MANICI IN CORDA DIAM.13XH.12 CM",43643,,VITHALGARDENAVAILABLE,VITHALGARDENAVAILABLE,LOTTO1,16,0,16,0,2035-01-31
B33317,8006933069376,"VASETTI BIODEGRADABILI IN COCCO 5 CM IN STRIP (4 strip da 6 vasetti)",B33317,,VITHALGARDENAVAILABLE,VITHALGARDENAVAILABLE,lotto1,30,0,30,0,2035-01-31
96865,8056001096865,"RICARICA x DIFFUSORE DI ESSENZA LIME e BASILICO ml 500",96865,,VITHALGARDENAVAILABLE,VITHALGARDENAVAILABLE,G1248430,16,0,16,0,2035-05-30
CLT1,8023868001851,"Vithal COLLA PER TOPI gr 135",CLT1,,VITHALGARDENAVAILABLE,VITHALGARDENAVAILABLE,lotto1,50,0,50,0,2035-01-31
20216,8008090063488,"VULCANO SPIRALI X24 sf.",20216,,VITHALGARDENAVAILABLE,VITHALGARDENAVAILABLE,lot1,480,0,480,0,2029-02-13
PO010,8023868008317,"Vithal Lumachicida PFnPO g 200",PO010,,VITHALGARDENAVAILABLE,VITHALGARDENAVAILABLE,lot1,9,0,9,0,2025-07-31
CS013,8023868008058,"Vithal Bio Barriera Insetti RTU ml 750",CS013,,VITHALGARDENAVAILABLE,VITHALGARDENAVAILABLE,lot1,19,0,19,0,2035-02-20
CS014,8023868008355,"Vithal Expert Sapone Molle L 1",CS014,,VITHALGARDENAVAILABLE,VITHALGARDENAVAILABLE,lot1,15,0,15,0,2033-06-20
CS012,8023868008034,"Vithal Bio Barriera Funghi RTU ml 750",CS012,,VITHALGARDENAVAILABLE,VITHALGARDENAVAILABLE,,0,0,0,0,
CS015,8023868008430,"Vithal Expert FungiBio Kg 1",CS015,,VITHALGARDENAVAILABLE,VITHALGARDENAVAILABLE,,0,0,0,0,
12184,8034052812184,"VASO INNAFFIATOIO IN METALLO 28X13X13CM COLORI ASSORTITI",12184,,VITHALGARDENAVAILABLE,VITHALGARDENAVAILABLE,lotto1,12,0,12,0,2035-01-31
12122,8034052812122,"VASO IN LATTA CON MANICI  DIAM.13XH.13CM COLORI ASSORTITI",12122,,VITHALGARDENAVAILABLE,VITHALGARDENAVAILABLE,LOTTO1,36,0,36,0,2035-01-31
RP002,8023868008935,"Vithal Repellente Cane e Gatto g 200",RP002,,VITHALGARDENAVAILABLE,VITHALGARDENAVAILABLE,24060340,29,0,29,0,2026-06-30
12276,8034052812276,"VASO INNAFFIATOIO IN METALLO DECORATO 28X13X13CM COLORI ASSORTITI",12276,,VITHALGARDENAVAILABLE,VITHALGARDENAVAILABLE,26731115,11,0,11,0,2035-01-31
CS005,8023868007280,"Vithal Bio Tannino ml 750",CS005,,VITHALGARDENAVAILABLE,VITHALGARDENAVAILABLE,2L2402,71,0,71,0,2032-10-24
CS008,8023868007365,"Vithal Bio Equisetum Arvense ml 250",CS008,,VITHALGARDENAVAILABLE,VITHALGARDENAVAILABLE,lotto1,48,0,48,0,2035-01-31
B11117,8006933069284,"VASSOIO IN POLISTIRENE  ? 3,6 CM - 1 vassoio 52,5 x 30,5 x 3,5 cm",B11117,,VITHALGARDENAVAILABLE,VITHALGARDENAVAILABLE,lotto1,11,0,11,0,2035-01-31
CM041,8023868008874,"Vithal Expert Zeolite + Rame Kg 5 (4 pz)",CM041,,VITHALGARDENAVAILABLE,VITHALGARDENAVAILABLE,lot1,12,0,12,0,2033-12-27
00938,8034052800938,"VASO IN PIETRA DIAM.21XH.19CM",00938,,VITHALGARDENAVAILABLE,VITHALGARDENAVAILABLE,LOTTO1,1,0,1,0,2035-01-31
43667,8034052243667,"VASO IN CEMENTO CON MANICI IN CORDA GRANDE DIAM.18XH.16.5 CM",43667,,VITHALGARDENAVAILABLE,VITHALGARDENAVAILABLE,43667,6,0,6,0,2035-02-28
SP006,8023868007389,"Vithal MASTER kg 1",SP006,,VITHALGARDENAVAILABLE,VITHALGARDENAVAILABLE,A212514,40,0,40,0,2031-09-22
CS018,802386800734102,"Vithal Bio Protezione Totale ml 750 - NUOVO",CS018,,VITHALGARDENSCRAPING,VITHALGARDENSCRAPING,4E2702,1,0,1,0,2035-01-31
CM031,8023868008331,"Vithal Expert Zolfo WG Kg 1",CM031,,VITHALGARDENAVAILABLE,VITHALGARDENAVAILABLE,lotto1,0,0,0,0,2035-01-31
CM041,8023868008874,"Vithal Expert Zeolite + Rame Kg 5 (4 pz)",CM041,,VITHALGARDENSCRAPING,VITHALGARDENSCRAPING,lot1,1,0,1,0,2033-12-27
CM031,8023868008331,"Vithal Expert Zolfo WG Kg 1",CM031,,VITHALGARDENSCRAPING,VITHALGARDENSCRAPING,lotto1,1,0,1,0,2035-01-31
DS002,8023868006122,"Vithal Disabituante Cani e Gatti gel  Lt 1",DS002,,VITHALGARDENAVAILABLE,VITHALGARDENAVAILABLE,FAF21,0,0,0,0,2024-02-28
DS005,8023868006856,"Vithal Rodibait New Kg 1,5",DS005,,VITHALGARDENSCRAPING,VITHALGARDENSCRAPING,lotto1,1,0,1,0,2035-05-30
CM039,8023868008836,"Vithal Bio Blackjak Bio fisioattivatore (200pz - 2 esp x 100pz) ml 20",CM039,,VITHALGARDENAVAILABLE,VITHALGARDENAVAILABLE,0324,389,0,389,0,2027-12-31
48216,8004130227834,"VULCANO BASTONCINI CITRON.IN ASTUCCIO",48216,,VITHALGARDENAVAILABLE,VITHALGARDENAVAILABLE,45,50,0,50,0,2027-12-31
10580,8008090066038,"VULCANO COCCIO + 10 SPIRALI",10580,,VITHALGARDENAVAILABLE,VITHALGARDENAVAILABLE,lot1,188,0,188,0,2030-02-13
18204,8002840182047,"VULCANO SPIRALI PROF.ASS. x 30 TRMx10",18204,,VITHALGARDENAVAILABLE,VITHALGARDENAVAILABLE,45,120,0,120,0,2027-12-31
44858,8008090063495,"VULCANO SPIRALI PROF.ASS. x 30 TRMx10",44858,,VITHALGARDENAVAILABLE,VITHALGARDENAVAILABLE,45,647,0,647,0,2030-01-31
E0155,8006933027017,"ZINNIA GIGANTE CALIFORNIA IN MISCUGLIO",E0155,,VITHALGARDENAVAILABLE,VITHALGARDENAVAILABLE,lot1,17,0,17,0,2034-05-16
E0277,8006933028243,"ZINNIA GIGANTE CALIFORNIA ROSA",E0277,,VITHALGARDENAVAILABLE,VITHALGARDENAVAILABLE,lot1,20,0,20,0,2031-04-12
E0116,8006933026188,"ZUCCA HALLOWEEN",E0116,,VITHALGARDENAVAILABLE,VITHALGARDENAVAILABLE,lot1,18,0,18,0,2030-02-19
E0430,8006933078965,"ZUCCA LUNGA DI NAPOLI",E0430,,VITHALGARDENAVAILABLE,VITHALGARDENAVAILABLE,lot1,17,0,17,0,2027-12-31
E0304,8006933034367,"ZUCCA MARINA DI CHIOGGIA",E0304,,VITHALGARDENAVAILABLE,VITHALGARDENAVAILABLE,lot1,16,0,16,0,2028-03-13
E0451,8006933073533,"ZUCCA MOSCATA DI PROVENZA",E0451,,VITHALGARDENAVAILABLE,VITHALGARDENAVAILABLE,Lotto1,15,0,15,0,2027-01-31
E0651,8006933049088,"ZUCCHINO DA FIORE",E0651,,VITHALGARDENAVAILABLE,VITHALGARDENAVAILABLE,Lotto1,18,0,18,0,2027-12-31
E0338,8006933073540,"ZUCCHINO NANO VERDE DI MILANO",E0338,,VITHALGARDENAVAILABLE,VITHALGARDENAVAILABLE,lot1,11,0,11,0,2029-05-18
E0652,8006933049071,"ZUCCHINO ROMANESCO",E0652,,VITHALGARDENAVAILABLE,VITHALGARDENAVAILABLE,lot1,19,0,19,0,2030-03-16
CS006,8023868007303,"Vithal Bio Lecitina 80 ml 250",CS006,,VITHALGARDENAVAILABLE,VITHALGARDENAVAILABLE,1M0901,87,0,87,0,2035-05-30
CS018,802386800734102,"Vithal Bio Protezione Totale ml 750 - NUOVO",CS018,,VITHALGARDENAVAILABLE,VITHALGARDENAVAILABLE,4E2702,94,0,94,0,2035-01-31
CM010,8023868006719,"Vithal Bio Blackjak ml 500",CM010,,VITHALGARDENAVAILABLE,VITHALGARDENAVAILABLE,lotto1,17,0,17,0,2035-01-31
CM017,8023868007327,"Vithal Bio Abyss ml 250",CM017,,VITHALGARDENAVAILABLE,VITHALGARDENAVAILABLE,2C1401,34,0,34,0,2032-03-31
CM011,8023868006771,"Vithal Bio Sapone Molle ml 250",CM011,,VITHALGARDENAVAILABLE,VITHALGARDENAVAILABLE,1B2701,0,0,0,0,2024-01-31
CM011,8023868006771,"Vithal Bio Sapone Molle ml 250",CM011,,VITHALGARDENAVAILABLE,VITHALGARDENAVAILABLE,3I1901,67,0,67,0,2025-09-30
CS001,8023868005910,"Vithal Bio Anti Muffa g 350",CS001,,VITHALGARDENAVAILABLE,VITHALGARDENAVAILABLE,C232086,40,0,40,0,2033-01-31
CM033,8023868008416,"Vithal Expert Calcio Liquido Kg 1",CM033,,VITHALGARDENAVAILABLE,VITHALGARDENAVAILABLE,F214H,14,0,14,0,2035-01-31
CS010,8023868007990,"Vithal Bio Aceto RTU ml 750",CS010,,VITHALGARDENAVAILABLE,VITHALGARDENAVAILABLE,lot1,16,0,16,0,2025-05-31
SP009,8023868008850,"Vithal Bio Rame e Zolfo Plus RTU ml 750",SP009,,VITHALGARDENAVAILABLE,VITHALGARDENAVAILABLE,106U,12,0,12,0,2034-04-30
CM038,8023868008829,"Vithal Bio Orto Sano g 500",CM038,,VITHALGARDENAVAILABLE,VITHALGARDENAVAILABLE,lot1,12,0,12,0,2035-02-20
CM038,8023868008829,"Vithal Bio Orto Sano g 500",CM038,,VITHALGARDENAVAILABLE,VITHALGARDENAVAILABLE,231101MX,12,0,12,0,2035-01-31
CS003,8023868006757,"Vithal Bio Zeolite Kg 1",CS003,,VITHALGARDENAVAILABLE,VITHALGARDENAVAILABLE,lotto,12,0,12,0,2035-01-31
CM040,8023868008867,"Vithal Bio Prato Bello g 500",CM040,,VITHALGARDENAVAILABLE,VITHALGARDENAVAILABLE,lotto1,24,0,24,0,2035-01-31
DS001,8023868006108,"Vithal Disabituante Cani e Gatti ml 500",DS001,,VITHALGARDENAVAILABLE,VITHALGARDENAVAILABLE,FAG23,6,0,6,0,2035-01-31
DS001,8023868006108,"Vithal Disabituante Cani e Gatti ml 500",DS001,,VITHALGARDENAVAILABLE,VITHALGARDENAVAILABLE,PR1-23-SC1-26,58,0,58,0,2035-01-31
SP010,8023868008904,"Vithal Bio Olio di Neem ml 250",SP010,,VITHALGARDENAVAILABLE,VITHALGARDENAVAILABLE,45,29,0,29,0,2027-12-31
SP003,8023868006085,"Vithal MASTER gr 250",SP003,,VITHALGARDENAVAILABLE,VITHALGARDENAVAILABLE,lotto1,96,0,96,0,2035-05-30
SP003,8023868006085,"Vithal MASTER gr 250",SP003,,VITHALGARDENAVAILABLE,VITHALGARDENAVAILABLE,45,24,0,24,0,2030-12-31
CM021,8023868007754,"Vithal Bio Zeolite + Zolfo Kg 1",CM021,,VITHALGARDENAVAILABLE,VITHALGARDENAVAILABLE,400401,24,0,24,0,2034-03-04
PO008,8023868008324,"Vithal Piretro Garden PFnPO ml 750",PO008,,VITHALGARDENAVAILABLE,VITHALGARDENAVAILABLE,BG-413402,21,0,21,0,2034-03-20
CS016,8023868008843,"Vithal Bio Diatomite g 750",CS016,,VITHALGARDENAVAILABLE,VITHALGARDENAVAILABLE,3N1201,27,0,27,0,2030-12-31
CS011,8023868008010,"Vithal Bio Polvere di Neem g 800",CS011,,VITHALGARDENAVAILABLE,VITHALGARDENAVAILABLE,lot1,36,0,36,0,2035-02-20
CM022,8023868007778,"Vithal Bio Zeolite + Rame Kg 1",CM022,,VITHALGARDENAVAILABLE,VITHALGARDENAVAILABLE,lotto1,9,0,9,0,0235-01-31
CM022,8023868007778,"Vithal Bio Zeolite + Rame Kg 1",CM022,,VITHALGARDENAVAILABLE,VITHALGARDENAVAILABLE,4A2201,13,0,13,0,2035-01-31
CM029,8023868007914,"Vithal Bio Neem Pin Bastineem (25 pz x 2 g)",CM029,,VITHALGARDENAVAILABLE,VITHALGARDENAVAILABLE,2236,12,0,12,0,2035-01-31
RP004,8023868008959,"Vithal repellente Spray cane e gatto ml 250",RP004,,VITHALGARDENAVAILABLE,VITHALGARDENAVAILABLE,240609114,27,0,27,0,2026-06-30
12139,8034052812139,"VASO IN LATTA CON MANICI  DIAM.17XH.14CM COLORI ASSORTITI",12139,,VITHALGARDENAVAILABLE,VITHALGARDENAVAILABLE,lotto1,8,0,8,0,2035-01-31
DS005,8023868006856,"Vithal Rodibait New Kg 1,5",DS005,,VITHALGARDENAVAILABLE,VITHALGARDENAVAILABLE,lotto1,53,0,53,0,2035-05-30
CM011,8023868006771,"Vithal Bio Sapone Molle ml 250",CM011,,VITHALGARDENSCRAPING,VITHALGARDENSCRAPING,1B2701,3,0,3,0,2024-01-31
DS002,8023868006122,"Vithal Disabituante Cani e Gatti gel  Lt 1",DS002,,VITHALGARDENSCRAPING,VITHALGARDENSCRAPING,FAF21,22,0,22,0,2024-02-28
CM012,8023868006818,"Vithal Bio Neem Soil Kg 2,5",CM012,,VITHALGARDENAVAILABLE,VITHALGARDENAVAILABLE,lotto1,29,0,29,0,2035-01-31
CS002,8023868006733,"Vithal Bio Caolino Kg 1",CS002,,VITHALGARDENAVAILABLE,VITHALGARDENAVAILABLE,lotto1,48,0,48,0,2035-01-31
PO009,8023868008782,"Vithal Aleavi Diserbante Totale PFnPO ml 100",PO009,,VITHALGARDENAVAILABLE,VITHALGARDENAVAILABLE,lotto1,30,0,30,0,2035-05-30
12245,8034052812245,"VASO IN LATTA DECORATO DIAM.16.5X14.5CM COLORI ASSORTITI",12245,,VITHALGARDENAVAILABLE,VITHALGARDENAVAILABLE,lotto1,48,0,48,0,2035-05-30
CS009,8023868007976,"Vithal Bio Olio di Neem RTU ml 750",CS009,,VITHALGARDENAVAILABLE,VITHALGARDENAVAILABLE,FA116G,37,0,37,0,2035-05-30
CM013,8023868006832,"Vithal Bio Domineem ml 250",CM013,,VITHALGARDENAVAILABLE,VITHALGARDENAVAILABLE,lotto1,37,0,37,0,2035-01-31
CS004,8023868006795,"Vithal Bio Propoli ml 250",CS004,,VITHALGARDENAVAILABLE,VITHALGARDENAVAILABLE,1B2001,82,0,82,0,2034-01-30
DS003,8023868006146,"Vithal Disabituante Piccioni ml 500",DS003,,VITHALGARDENAVAILABLE,VITHALGARDENAVAILABLE,lotto1,57,0,57,0,2035-01-31
12146,8034052812146,"VASO IN LATTA CON MANICI  DIAM.20.5XH.12CM COLORI ASSORTITI",12146,,VITHALGARDENAVAILABLE,VITHALGARDENAVAILABLE,lotto1,24,0,24,0,2035-01-31
00921,8034052800921,"VASO IN PIETRA DIAM.14XH.31CM",00921,,VITHALGARDENAVAILABLE,VITHALGARDENAVAILABLE,lot1,5,0,5,0,2035-02-25
CM036,8023868008454,"Vithal Expert Sempreverde Mix Kg 1",CM036,,VITHALGARDENAVAILABLE,VITHALGARDENAVAILABLE,,0,0,0,0,
SP008,8023868008409,"Vithal Expert Trappola Magica - 10 fogli",SP008,,VITHALGARDENAVAILABLE,VITHALGARDENAVAILABLE,lotto1,40,0,40,0,2035-05-30
CM032,8023868008362,"Vithal Expert Frutti Fixer Kg 1",CM032,,VITHALGARDENAVAILABLE,VITHALGARDENAVAILABLE,lotto1,22,0,22,0,2035-05-30
CM030,8023868008096,"Vithal Expert Rame WP Kg 1",CM030,,VITHALGARDENAVAILABLE,VITHALGARDENAVAILABLE,lotto1,26,0,26,0,2035-05-30
